14584|15796284
14212|9504250
8|12810192
17|1456923
18|9825962
13256|15784420
32|6512516
34|12803892
45|9014106
46|3131404
47|15461970
50|7046376
10374|8997571
66|15433742
71|12826421
81|5547268
95|9529471
13257|9558041
13980|1587576
12595|9494149
110|6361940
114|10375624
115|8413814
120|1497337
10933|12199428
125|12810942
128|12816347
14917|9502888
133|9555365
134|12810826
142|3932788
12383|1503160
154|12809871
157|300025
170|9010414
14213|9546606
191|12818816
10219|6391900
213|7653460
233|12823518
13125|1652912
10405|9496047
260|10220100
261|1448368
265|12817887
280|1475800
286|9536903
288|1625549
303|12819515
14364|1475603
309|12813177
345|12806131
346|12806131
355|6410251
362|12809703
363|1507038
364|12806131
13258|1430306
13981|9559550
2617|4704850
388|7603092
396|3419152
398|12814516
402|12807377
407|12808560
471|1440288
13816|1506064
538|6672142
571|1426553
626|12022767
639|1472616
13127|15387757
864|1444112
13259|1425465
13580|1465401
936|15449848
12016|15398236
14365|1460164
1060|7661601
13982|1432302
1085|16117378
14908|1482894
11912|15425516
1202|868195
13983|1462177
9753|6675416
1231|1434555
1257|5546403
14918|9507635
14322|7623398
1271|10534549
1272|6391915
1281|15464353
1288|7597853
1298|842992
1335|5554967
1363|1480932
1416|12311063
1434|2992154
13073|6360432
13262|7587410
14558|1474331
13436|15810360
13128|1504451
13984|9500681
14449|10371822
12934|9503542
1600|6029821
11773|15132192
1670|6012162
1673|9008100
13074|15791114
14450|10356564
12298|9116420
1765|1498576
1789|9558051
99017|6659527
1801|2662200
12952|15789624
10410|1427813
11843|15390149
1931|6666653
1932|2653243
14103|10372648
3769|2771651
12084|1640995
9449|1814202
2046|9503544
2097|6381645
2107|6435106
2121|7601622
2124|15811771
12953|1442785
2710|4409239
2174|15083529
13264|1478795
13263|1506706
2202|7591878
12384|9503559
10124|6636751
7462|6371071
2279|9003100
2340|8986192
13985|1490440
13986|1481452
12385|8992961
11927|1428383
13266|1458424
2460|7572894
14214|9543758
2534|6524552
12891|7598615
13987|9494801
2582|2994978
2606|3578207
13818|1790228
2609|2995260
2624|9001095
14324|7579282
13988|15447387
14451|10362219
14919|1450538
385|1643233
2792|6257322
2806|6661929
12956|1483733
2844|1491895
13271|1433535
2857|9117258
2862|6653049
14326|1493013
4152|9512991
11224|9503594
2889|6665959
13669|10328736
12087|1493803
2940|15095460
2954|8985895
2983|1824528
14452|9557527
12018|3296820
13273|1792439
3931|1433351
14327|15765297
13081|5602387
4793|1493796
3064|15435952
3071|9737953
3101|5708073
3103|1491086
1192|1501116
12993|1505649
12894|6381624
11122|12328444
3146|6258469
3151|7598617
3154|870021
13082|15788120
14328|15824979
13083|15818629
3188|377395
12994|1786618
3215|9694989
12968|7607446
14585|1504087
3259|6257339
13134|7602334
3266|6258446
7140|458089
13617|1823830
3319|1489057
3371|15421782
12817|7607446
12079|1331196
13489|10401718
3419|15812474
3426|10384510
3534|7851820
1933|392501
12082|15131498
3548|1805363
3557|9209154
13085|15808213
3564|2334166
10693|15115895
3123|3207236
12085|9503529
14689|1503108
12951|1466614
3619|6264729
13275|1498459
12863|3363273
3645|5853306
3661|4266830
3702|12307420
11700|1216285
3705|15112567
12498|1558185
13276|1763502
3778|9187776
12996|9494940
3804|1506390
3827|9012902
3844|2282455
3850|1635038
3870|15252283
14453|6358907
12499|16747319
14105|9494763
3937|6257336
3943|2261850
13439|3678409
3956|15431157
14106|10328756
3981|3287205
14110|10336181
13281|1844438
11895|15429459
14690|1491244
4014|14715087
13139|7600835
14107|9530937
12113|6391887
13992|1843057
13284|15773015
4151|6234769
7226|9558532
13993|1761757
4176|1576480
4191|6360951
4198|12806131
4231|11105868
4238|11091883
14691|1486347
4274|15817287
5186|9118286
4354|9247529
13446|1493176
10568|12417939
4414|1433973
1820|1447582
4437|11103217
10583|12356231
12791|1433354
4476|6637763
13286|15454407
4524|12031911
14108|10324900
13142|12332661
4600|6653433
4601|7604582
4615|1493025
14368|1815686
13288|15462814
12998|1457704
14369|1781467
14109|1434545
4742|9118299
4762|8089078
2540|6374528
12960|1610480
11850|15462101
4829|7482968
4842|10339693
12313|3876650
13289|9557517
14329|7606714
11079|1502239
14370|1790557
14371|1825215
13098|9502910
13820|6651645
12946|12307531
5085|8985483
12902|1456438
13584|9559531
14215|9527024
923|10530091
5113|6663450
5115|9726990
12999|1819331
14147|1466110
5154|12327442
13822|1468366
5185|9205392
5188|3391794
99051|1449632
5227|12306355
13996|9527046
14388|1762330
14454|10403043
13000|6358912
5252|6646320
12092|1642854
13618|1473416
13619|1489748
5316|9503545
5331|9739084
12873|10364476
6029|3130186
6318|3905787
5372|9206026
5383|12417849
5395|1785630
5401|10135112
5407|1433486
5421|1444327
5433|9505626
5435|9547875
10656|9503555
5507|1253551
5547|9243794
13587|1438315
14692|1452529
12830|15397661
14217|15768290
13001|15398548
5657|9235961
14389|1818614
5715|9228039
13823|10401668
13105|15432238
5748|533561
5752|532628
13296|1497451
5760|518836
5762|537009
13997|15434165
5768|9230298
13297|1475827
13394|10353261
12679|1437742
14114|1482191
12469|7584402
13308|10343312
14330|10323472
5809|9215037
14115|15815938
13300|1825906
13998|1471908
5916|6257277
5917|9224530
13108|15416970
3751|1502631
13588|9494944
13006|6668907
5942|9241193
12909|7568805
2452|6355692
13109|10346533
11900|3402812
6033|6643536
12025|3276965
13110|15432661
6052|3116143
13009|1793897
6068|3109258
13151|7608913
13999|9502279
14372|1791293
6098|3109255
10643|6380579
6105|3116155
13111|15430734
14000|9527996
12801|9006018
12910|6653591
6181|3138303
7432|6347233
13396|10329485
13491|6661843
13398|10375981
13305|11930043
11854|15454620
6264|4143225
11188|12327907
14148|1844070
2545|6257713
12882|10399338
6320|15797087
11855|15122714
13306|8980699
8167|6257436
14331|7606053
6369|1437539
13012|15390077
12507|1448397
10512|6308580
13013|15810410
12105|1513691
14373|1484426
14116|1434648
14455|1454228
6441|1494469
14002|1491223
12107|3427545
13310|15523595
13155|7575633
12806|9014008
13311|1428767
14374|1817157
13400|10366636
13157|1557433
13122|1475118
14218|1505275
6738|6400895
7268|3399740
12185|7495224
14140|1496862
11641|9116540
6661|7681939
12479|9548594
13826|15388644
14118|9554185
13315|9320571
11509|1607383
13159|7592560
14693|1789499
6735|4310180
14587|9531575
6755|6586325
6783|6380571
13827|9560035
10291|6391870
12810|9240711
14219|1432788
12846|9517450
12847|9503554
11598|1444794
12511|1524214
12918|1474351
13015|7600120
13404|524417
14920|1427377
6950|753583
6952|624025
11862|9545932
14456|10396858
7069|15459127
14921|1440089
7080|1484234
7087|9543919
13161|15808248
7102|8414022
13405|15436411
14141|1454727
13321|10362971
12921|1496741
14119|1457889
12196|1623081
7121|605026
7130|560047
14120|1447080
7144|605826
7146|660498
14375|7585109
11922|6259002
14589|15452486
10486|12307466
7188|504822
99037|6635197
13163|15788161
12923|3260974
13829|1762764
14376|7597148
14334|8535768
7279|10361391
13018|9502907
2208|12410361
7316|1489239
11440|4287890
13017|1501728
13324|10343384
13022|7599348
13622|9498184
7339|1500096
10296|9008234
7343|528135
7345|9230908
13830|1486325
14008|9549182
7369|2773066
13167|1433946
99018|6641277
7389|9494775
13409|10379713
13169|9503556
13170|15797786
7421|15583095
12328|9545264
7426|6641010
13171|10338395
14694|10368140
13831|15775083
7470|9558015
77229|1440136
14561|1480952
7510|6524805
10437|1644326
7528|1448381
7531|1490552
8627|6656949
7533|2806538
5722|9193461
13832|6652579
14335|8522463
12482|1426593
14695|1428747
10890|12327950
11335|9118262
10424|12311111
14121|1442099
77195|9547957
13027|7594857
13301|10341683
7661|1428337
10716|6257721
13174|1634981
13330|10369262
13833|1491873
7613|15799716
7696|12332560
7698|15846962
9219|1484433
7721|12356238
7722|10346828
12032|9352494
7777|894814
14010|1845094
2223|1484250
7787|1442110
14011|1451066
13334|10388941
14336|15811783
7805|3381831
13335|10332649
14122|1456935
12124|3612574
12212|1603599
14337|8524842
14012|10386985
7842|9014140
13179|10373407
14013|8549810
13835|1481701
99019|6657790
9489|8989871
13338|6380614
13040|7603052
14562|8550539
8843|4974311
13339|10324267
9918|6676693
8033|12311112
13041|7610227
13340|10377092
8044|4234500
13042|15387586
13591|1489774
8098|7628398
13043|7601623
10936|12327953
13341|10362894
77032|15781435
14124|9504252
13044|1424276
13045|7593355
8431|1436303
13046|7607474
10446|1501758
77176|1781471
9540|6656573
13047|7574901
10404|1450346
13495|9559535
8294|3679146
14014|10390339
14015|10395682
14221|1467584
8326|6642835
13417|3846904
77033|9503534
1499|9001928
13189|3863049
14142|1426968
11308|6359373
13051|15414353
13625|10360713
12403|9515997
12219|1809817
14125|9504255
13346|10403727
13192|9503558
13592|1460722
14126|9504240
13057|15790414
13352|6518597
10955|6258493
8469|10315004
13058|7570140
6570|9395229
14017|10331600
13059|15794780
8500|6314543
376|9500735
14339|15788197
13836|10338477
13194|1498503
13354|1451075
9959|6654225
13347|9008269
13676|15770278
12698|1577494
9767|1440786
14021|9502243
8602|5422102
13355|6671551
13626|9558559
14150|9529304
77196|9547848
13359|1458456
13065|1817486
13838|15418801
99020|6653443
13196|9002508
8783|8982030
13677|9512965
13361|15781475
1802|10351759
13424|9556450
14023|10365132
13198|9558526
13629|9559058
13678|1427887
6039|9225202
13200|15460956
14024|10341001
8796|9646037
13630|9494137
14025|10362214
12553|9549820
8831|491264
13839|1493155
12037|3287474
14380|7593388
14026|10352148
14127|9504242
14381|1493685
14027|10330256
8881|9118309
13841|10404551
9556|9549193
9388|9010488
13842|9503543
8897|6644124
14590|10344040
14382|1479529
13843|1507016
14028|10324234
14029|9545327
13211|1492538
14030|9529341
14031|10367745
9792|6677573
11954|8524049
8957|10567175
14563|9558050
13214|12311049
14340|7612386
12558|9503592
13215|9549248
14032|10402339
14033|1450558
13217|1459949
14341|7577741
13219|1426238
13220|1441574
13221|1444782
14591|10328462
8997|12327895
13374|5050742
77036|15796284
14129|9504243
13844|7570144
6099|10357328
14152|7600853
12426|10367750
13225|1491712
13845|10332572
99038|6670305
14343|15778499
14035|10375971
12357|6259045
13381|1789824
9041|4958827
13382|9229556
13383|12822002
13376|1557858
14036|10397168
99021|6657763
13232|1446393
12259|9549185
11936|3409391
12260|9549252
14384|1498948
9073|7603095
14344|15772304
14345|7568824
13503|1459970
13847|1441579
13848|1450568
13235|1488553
14346|15768352
13377|10325711
11937|15125438
9106|8987145
13237|15782149
9108|15800123
14037|10353692
13238|15782238
13239|7624567
14038|10388071
9116|9012418
13240|7606071
13241|7617141
77197|1499635
9122|8990169
9188|1504061
9900|6656491
13849|1501635
9129|9118303
14347|7625144
99022|6650455
11072|6009842
13850|8604548
77038|15431486
12712|9009505
13385|1487246
11419|1638044
9143|8985406
12440|10402295
14390|1783222
9153|7632193
77039|10386640
99023|6651304
3537|12356269
13386|2835452
12441|7610252
13632|9496687
9168|9549265
14348|15775041
9706|6659365
9175|9002196
13681|10335283
13388|10361831
9189|1599171
14349|15762169
14350|15762763
13245|1816013
13432|9556987
13461|9237046
13247|1434694
14143|1449116
9693|6654849
9212|9006680
14039|9527953
13435|8985180
12252|9497492
9707|8992938
13633|9560946
99024|6670075
14040|9527201
11547|1652095
4106|9503619
13253|1446866
2833|1459928
11646|14893747
13254|1425166
9242|9560016
13255|1467349
1642|6660307
13463|7608169
13464|1429280
13465|9010764
14696|1472853
11834|3322621
13851|9520324
11165|12332662
13467|1475091
12063|6257355
14041|9527784
13468|1466620
9271|9010939
99025|6662479
13469|7588162
9280|8986960
9282|9008958
14564|9557474
12158|3877330
14697|9548526
12579|1618210
12065|3372563
9297|9726338
14145|1446391
13472|9527799
13473|9496228
944|10395369
12066|9116551
13634|9560952
14592|6257744
13598|1430839
13477|7596340
13478|7592599
14909|1506085
9321|1499118
10491|12307479
13481|1433926
13685|9542543
14458|15432215
12721|4883386
99026|5222691
13600|1466833
14386|1844769
14046|9513681
13855|15816577
12592|9494316
13856|9502912
14132|9519584
9369|9001134
14387|1844567
13510|1497897
99027|4292096
14557|9503496
14459|15451405
13602|1512033
13603|1502715
9384|6380584
13635|9558521
13636|9560501
14019|9502937
13518|1449847
9389|8988847
14593|15791189
8221|16728778
14047|4266539
11837|1434529
14134|9555859
11986|1616648
99028|6643459
11178|12327417
11179|12327444
14710|9538166
13521|1438836
14048|4217814
13524|1427867
13525|1503145
14154|9500212
99029|6651766
13604|10367783
13527|1472831
13605|9529319
14146|1480245
14050|15781435
99030|6640168
10071|6644403
14594|1424809
99031|6642139
14702|9492350
9434|5537906
14155|1451272
14052|1588667
14156|1457935
14462|15398905
13538|1433521
13539|1426177
13540|1424830
14055|1506035
13542|1453256
14056|1484230
13545|1560422
13546|1492394
13547|1495658
14057|1560091
99032|4014566
13549|1843294
8464|1630619
9127|8993423
99033|16724080
13551|1492404
12750|7606729
99034|6556888
13552|1450366
10137|6670205
14225|1761870
8134|10567785
13555|1501229
13556|1578403
13557|1487230
14565|7613014
14158|15812473
1074|11966945
13861|9498661
99035|8983993
99036|6654324
14060|1512752
9512|10964785
13862|1488575
9514|6638937
12755|1491733
14394|1504092
9202|9008954
12756|1502133
9802|6673454
12757|9542533
14138|9518086
13561|1481670
99001|6654536
14395|1478559
13643|1444311
13564|1491872
14061|1525514
13863|9559520
99002|6648375
12763|15442552
13864|12327891
12069|6640850
14160|9544444
14062|1543657
14063|1499609
13693|10361434
13868|1458632
9551|6677182
14064|1576481
13869|1500157
13870|1460143
13576|1464454
13871|15788913
14396|1453992
99003|6644620
14162|9515951
13873|1451988
99039|8989751
10686|6656744
14705|9491748
13613|1503134
99005|6642270
13696|9519572
99040|6642024
99007|6661382
99008|6655081
99009|6661077
99010|6657247
13697|9519753
9575|6646284
14066|1487919
13646|1484239
13647|8443649
99011|6638500
13648|15816644
99012|6669851
13649|1440255
9649|9004066
99013|6637610
99014|6639387
13875|1428768
13650|1438852
99015|6673270
14067|1502625
14068|1498964
9658|6662566
99016|6665481
13653|2714887
13654|4226928
13876|10399590
11240|15435959
14069|1431914
14353|1481469
13657|15791856
14070|1429281
4166|2165928
14071|1431247
14072|1430722
9579|6652691
13661|9497329
13662|15780032
13663|1503658
9583|6664957
13664|1428329
13879|1504950
14567|9499379
14163|9514431
9590|15125439
14074|1450354
9592|6655489
14075|1490439
9594|6668001
9595|6650357
13883|1513888
9597|6671249
14595|15768312
9599|6673821
13884|1545488
9601|6656240
10725|6257630
9603|6671997
14164|9504200
14706|1788779
14165|9515183
10870|12332589
14166|1454178
14076|1493794
9610|1638989
14077|1493686
14078|1489909
13707|8592592
10650|6410842
14167|1429319
14226|1430702
14227|1793161
14228|1819333
13886|1428333
14081|1460137
14597|10324099
1013|6652045
9622|8986295
14169|1587762
6716|6671336
14082|1504014
13715|10326866
13716|6025298
9628|8985232
13887|1578402
13718|9503535
13719|9524896
11430|9517345
14170|7486948
14397|15334003
14398|1466087
11866|15113241
13724|1428263
13891|1511864
14172|1478055
13727|1428259
13728|9537617
13729|9543929
14707|9538884
13731|1447613
13732|9501591
13733|9501376
13735|9502066
13736|15823740
13737|9500905
13738|9534537
14085|1444307
14399|9543100
13742|9543241
14086|1426176
14087|1454223
14400|1497904
13746|9530823
13747|9503468
14088|1428276
13896|1469602
13750|10356953
10698|15127869
14089|1479498
13897|1437072
14090|1505296
13898|1502728
13755|1525887
13756|1512486
3704|15125279
10701|6380503
14091|1495689
14230|1451807
1694|10366603
13757|1588930
13758|1438331
13759|10330491
13762|1589506
14231|1436339
13764|1501634
14176|1823832
14093|1475599
14094|1426197
13768|1478022
13769|1496842
14177|1465843
14178|1494416
13772|1489773
13902|1491881
14401|1425845
13775|1427423
14095|1454013
14708|9495424
13778|1489765
14910|9502891
11392|10526245
13780|1463155
14179|9547936
14096|1477106
13783|1503549
13784|1431798
3405|2727968
14232|1504857
10798|6358845
13786|1437559
13787|1822423
13788|1812325
13903|1778803
13904|1761771
14097|1454933
13792|9542396
13793|1468117
13794|3848991
13795|1456969
13796|1474334
13797|1475069
13905|1779459
13799|1818613
13800|1495537
13801|1483729
13802|1448393
13803|1459208
13804|1488402
13805|1425846
13806|1482188
14180|8998683
14709|9536939
14099|1505664
14234|1764845
14102|9556417
13811|1437698
14181|1476540
13813|1765249
14182|1498592
13815|1789501
13906|1785954
13907|1785319
14183|1485842
14184|1467365
14402|1427898
14186|1588493
14187|1440896
13913|1821719
14568|3823487
14189|1490445
13916|1482927
14190|1474913
13917|1503161
13918|1453472
13919|1426218
13920|1424823
3185|367832
13921|1496147
13923|1473599
14404|1447583
14193|6645702
13926|6531598
13927|1762481
13928|1820771
13929|1763053
13930|1576852
924|8999164
14194|6391969
14195|6379964
77198|9537658
13934|1817144
14197|6401610
14198|12329649
9109|10543996
13937|6582364
13938|6522563
13939|6564257
13941|6545944
14199|1441608
13943|9503686
14200|1475850
14711|9493661
13946|1493052
13947|1435852
13948|1468099
13949|1473628
13950|1493847
13951|1439642
14406|1763371
14407|1456418
13954|1764069
14204|1454196
14207|1456398
13959|1460187
13960|1786238
12134|3870738
14208|1496114
14209|1576851
13965|10324268
13967|10381166
13968|10400709
13969|10369568
14210|1589349
14712|9530081
13964|10344435
13966|10336136
14211|1784928
12229|12487151
11524|9367382
13973|10331307
13974|10353189
14235|9556418
13976|10395990
13977|1429692
14408|1489243
13978|10353265
13979|10341361
14236|12356378
14237|9545132
14238|1790964
14239|1506718
14240|1485640
14241|1452015
14242|1504035
11782|15114360
14352|1425487
14246|9544645
14247|9556960
14248|9515930
14249|7592562
14250|1510805
14251|1450565
14252|9536168
14253|1784929
14254|1475634
14468|1424829
14256|7591947
14257|1432958
14258|9517334
14411|1480216
14412|1487026
14261|1440271
14262|6666653
14413|1476557
14414|7582887
14354|15417742
14355|15462469
14269|1430824
14270|1429244
14271|1456399
14272|1812732
14274|8528369
14275|8548569
14276|9543274
14417|9543749
14278|9543962
14279|9544652
14280|9545123
14281|9545334
14282|7585947
14283|7580680
14284|7569495
14285|7574943
14286|9528576
14599|15780766
14288|9528673
14289|9529344
14291|8551478
14605|1427431
14293|9530185
14294|9529432
11162|12310961
14295|9542359
14296|9515046
14297|1822098
14298|7572226
14300|8604073
14301|1787668
14302|7605318
14358|15398930
12390|3836440
14304|1459969
14305|1429243
14306|1474168
66001|9546479
14308|1558937
14309|1492410
66002|9545793
14311|1489779
14312|1475649
14429|1461691
14359|7594035
14315|8546273
14316|8552289
14317|8586256
14318|8579880
14319|9543063
14320|7571539
14321|7572879
66003|9546680
66004|9547151
14360|15464790
14361|15783623
66005|9548010
14363|15769612
1544|7599226
101|4226439
14714|1498018
14600|1426176
14422|1444972
14423|1467348
14424|1442908
14425|1466081
66006|9547346
14428|1778508
66008|8526461
14431|10364398
14433|15767080
14435|1765015
14715|10396308
14437|1456388
14438|1452002
66009|8551477
14440|10369284
66010|8555726
66011|8589084
14443|1820772
14606|1441445
14716|1493203
14717|1447754
77183|1781162
14718|1435135
77006|9518838
77184|15767023
14719|7611677
14570|15774442
14721|1436492
14608|1475068
14722|1469604
14724|1500734
77017|3936101
77018|3935959
14609|1489898
14571|10330518
14610|1504487
14911|1819656
14726|9538379
14573|1817156
14727|9539101
77028|4155460
14444|15389400
14446|6676460
14447|15458908
14611|1458472
66012|8585101
66013|8603621
66014|7571538
66015|7578541
66016|7605317
14471|7612381
14472|1824907
14473|1818611
14728|9529449
66007|9547805
14574|15770944
14613|1577134
14614|1559686
14729|9530202
14730|9527926
66017|1793502
66018|1844903
14732|9532335
14616|1512936
14576|9528756
14617|1525231
14577|7609595
14618|1543984
14578|10351789
77056|6380615
77057|6651977
77058|6649158
77059|6380617
14477|7608890
14478|1429806
14479|8542103
77170|9526481
14619|1589102
14482|8529182
77060|9117263
14733|9532436
14734|9533095
14735|9530093
14620|1460680
14484|6383512
77065|9526273
77066|6380504
77067|8995521
14622|1477325
14623|1485858
77070|6380489
14485|1845496
77071|1823516
60019|1498946
14487|1453487
14624|1500192
77074|1466096
14488|1504892
14489|1489764
14491|1476370
14492|1441430
14736|9529445
14737|1818215
14738|1787665
77080|1495083
14625|1762585
14494|1428816
14496|1453979
77083|1425806
77199|9531585
14580|1782839
14628|1817485
14739|1482219
14498|1788059
14629|1845396
14581|8522851
77091|1433352
77092|1428379
14740|1822419
14499|1474142
14500|1482391
14501|1451773
14502|8558792
14655|10327029
14631|1465844
14741|1440251
14632|1483512
14633|1433353
14634|1448886
77101|1788778
77102|1762241
77103|6675106
14742|1846119
77105|6590771
14635|1424546
14503|1429335
14504|1454715
14505|1506722
14506|1502238
14507|1483530
14508|1458660
14509|1451992
14636|1468853
14637|10365495
77113|15788076
77114|15812386
77115|1785631
77116|1472111
14510|15824942
14638|9546549
77187|1845671
14744|15435216
14746|10358852
14747|9518864
14511|1483697
14641|1434509
14513|10333800
14514|10354700
14748|9524926
999999980|6655081
999999981|6661382
999999982|6644620
14749|1511040
14750|1781174
77130|10325283
77131|7579930
77132|7560050
14751|1771447
14752|1559356
14515|15813108
14516|15823151
14517|10354390
14753|15779960
14520|10394149
14754|9557526
14755|1426196
14912|10363335
14757|7607490
77142|8591112
14646|9116513
77144|9500170
77200|8542970
77201|9543267
77147|10324374
14758|9504239
14649|1816752
14650|1816017
14522|8599557
14524|8557481
14760|9526428
14530|9516681
14531|9515921
14532|9517352
66021|7588169
14528|9515832
14529|9516584
14651|9502110
77162|9495540
14762|9525669
14763|9525520
14764|9524917
14765|9504224
14766|9503625
14533|9509821
14535|9508584
14652|10369613
14537|1783531
14538|1454713
14539|9510557
14540|9509318
14653|9499498
14913|10354731
14541|7576369
14542|8550796
14543|9526987
14544|8584858
14545|9527244
14767|9503624
14547|8534508
14768|9503623
66020|8547587
14769|9548537
14656|15762208
14550|9527747
14771|9549244
14657|1491904
14554|7582151
14555|7570850
14659|1505709
14660|9552337
14661|1484945
14662|1823519
14772|9549847
77191|9527913
14664|1430317
14665|1450345
14666|7624591
14670|1499093
14667|15388622
14668|7584443
14773|9503622
14671|1499116
77194|7573583
14672|6359407
14673|7573637
14674|1457151
14677|9496725
14678|8993740
14680|1818219
14681|8986367
14685|1435882
14686|1818935
14687|1468124
14688|15388950
14914|1497338
14775|9502890
14915|8581342
14778|9533955
14779|9534542
14780|9534693
14781|9535284
14782|9535436
14783|9545260
14784|9502889
14785|9545879
14787|9547272
14788|9547221
25010|9503530
25011|1487703
25012|9496832
25013|1430326
25014|9496186
25015|9543780
25016|1461428
25017|6401624
25018|8531881
25001|1435697
25002|15417273
25003|1503583
25004|1439443
25005|9514294
25006|10402839
25007|8604921
25008|1467591
25009|7598605
14789|10328491
14790|10325453
14791|1505726
14792|10340687
14793|10373013
14794|10327391
14795|10330446
14796|10338098
14797|10333807
14798|10396589
14799|15452063
14800|9532316
14801|9536020
14802|15431463
14803|15811720
999999986|15815962
14804|10334988
14805|10359584
14916|9502894
14807|10393550
14808|10389340
14810|15778520
14811|10392600
77202|15398312
77203|10396557
14812|10400658
14314|10323786
14814|9521237
14815|10390262
14816|1449103
14817|10341011
14818|10370014
14819|10334116
14820|10400872
14821|10378492
14822|10376354
77204|10330276
77205|10334363
14823|10323981
14824|15777873
14825|15811153
77207|15768954
14827|15782885
14828|15767709
14830|1493037
14831|1468146
14832|1455494
14833|1435744
14834|1502640
77208|1465189
14835|1474128
14836|1449648
14837|1456918
14838|1442735
14839|1436489
77209|1427477
14840|1440937
14841|1429288
77210|1430229
14842|1440937
14843|1459185
14844|1460168
77211|1459392
72112|1483717
77212|1483717
14845|1464688
14846|1459210
14848|1444325
77213|1473598
14849|1497476
77214|1426236
14850|1444780
14851|1435881
14852|1426163
14853|1489274
14855|1469119
14856|1432944
14857|1454964
14860|1473623
14861|1436304
14862|1442275
14863|1448411
14864|1466111
14865|1459971
14866|1503609
14867|1449811
14868|1466060
14869|1476381
77215|1429282
14870|1433507
14871|1762327
14873|1434086
14874|1448923
14875|1429236
14876|1441441
14878|1471879
14879|1449660
77216|1447756
77217|1481686
77218|1498992
77219|1466641
77220|1483558
77221|1504047
77222|1474164
77223|1429739
77224|1506415
77225|1471880
14881|1494313
14882|1428297
14883|1457706
14884|1460138
14885|1459393
77226|1491746
77227|1460896
14886|1434048
14887|1447585
14888|1481650
14889|1489102
14890|1468317
14891|1454913
14892|1435847
14893|1494303
14894|1492534
14895|1473616
14896|1466812
14897|1499066
14898|1449083
14899|1429780
14900|1440909
14901|1446911
14902|1494418
14903|1455702
14904|1429202
14905|1427046
14906|1443410
14907|1459439
7462|6371071
13125|1652912
9321|1499118
14590|10344040
99041|1480026
8|12810192
17|1456923
18|9825962
13256|15784420
32|6512516
34|12803892
45|9014106
46|3131404
47|15461970
50|7046376
10374|8997571
66|15433742
71|12826421
81|5547268
95|9529471
13257|9558041
13980|1587576
12595|9494149
110|6361940
114|10375624
115|8413814
120|1497337
10933|12199428
125|12810942
128|12816347
14917|9502888
133|9555365
134|12810826
142|3932788
12383|1503160
154|12809871
157|300025
170|9010414
14212|9504250
191|12818816
10219|6391900
213|7653460
233|12823518
2097|6381645
10405|9496047
260|10220100
261|1448368
265|12817887
280|1475800
286|9536903
288|1625549
303|12819515
12357|6259045
309|12813177
345|12806131
346|12806131
355|6410251
362|12809703
363|1507038
364|12806131
13258|1430306
99042|1844221
388|7603092
396|3419152
398|12814516
402|12807377
407|12808560
99043|1446176
471|1440288
13816|1506064
538|6672142
571|1426553
626|12022767
639|1472616
13259|1425465
13580|1465401
864|1444112
13981|9559550
14110|10336181
936|15449848
13982|1432302
944|10395369
13983|1462177
1060|7661601
14558|1474331
1085|16117378
14344|15772304
12016|15398236
13073|6360432
1202|868195
13074|15791114
9753|6675416
1231|1434555
1257|5546403
14918|9507635
1544|7599226
1271|10534549
1272|6391915
1281|15464353
1288|7597853
1298|842992
1335|5554967
1363|1480932
1416|12311063
1434|2992154
99044|1452520
13436|15810360
14908|1482894
14103|10372648
13818|1790228
13984|9500681
14388|1762330
11912|15425516
1600|6029821
13127|15387757
13985|1490440
1670|6012162
1673|9008100
13262|7587410
12298|9116420
1765|1498576
1789|9558051
1801|2662200
1802|10351759
9603|6671997
10410|1427813
12934|9503542
3769|2771651
1931|6666653
9449|1814202
1932|2653243
11773|15132192
13264|1478795
2046|9503544
13263|1506706
2107|6435106
2121|7601622
2124|15811771
2174|15083529
12951|1466614
13128|1504451
13986|1481452
2202|7591878
2208|12410361
12384|9503559
11927|1428383
2279|9003100
13266|1458424
2340|8986192
12084|1640995
13987|9494801
14213|9546606
14345|7568824
13988|15447387
14591|10328462
2460|7572894
14346|15768352
2534|6524552
12891|7598615
13271|1433535
2582|2994978
2606|3578207
13669|10328736
2609|2995260
2617|4704850
2624|9001095
14347|7625144
12385|8992961
13273|1792439
14449|10371822
2710|4409239
385|1643233
2792|6257322
2806|6661929
11122|12328444
10890|12327950
2844|1491895
2857|9117258
2862|6653049
4152|9512991
13081|5602387
2889|6665959
11224|9503594
2940|15095460
2954|8985895
2983|1824528
14450|10356564
12894|6381624
3931|1433351
14348|15775041
11843|15390149
12087|1493803
4793|1493796
3064|15435952
3071|9737953
3101|5708073
3103|1491086
13275|1498459
99045|1425128
12960|1610480
3146|6258469
3151|7598617
3154|870021
1192|1501116
12018|3296820
13082|15788120
3188|377395
12993|1505649
3215|9694989
13083|15818629
10124|6636751
3259|6257339
13617|1823830
3266|6258446
13134|7602334
13276|1763502
13439|3678409
3319|1489057
3371|15421782
12817|7607446
14105|9494763
14349|15762169
13085|15808213
3419|15812474
11700|1216285
3426|10384510
3534|7851820
14106|10328756
12113|6391887
3548|1805363
3557|9209154
1933|392501
3564|2334166
3123|3207236
3661|4266830
10693|15115895
13992|1843057
3619|6264729
14350|15762763
12968|7607446
3645|5853306
12863|3363273
3702|12307420
3705|15112567
12994|1786618
3778|9187776
14389|1818614
13489|10401718
3804|1506390
3827|9012902
3844|2282455
3850|1635038
3870|15252283
13281|1844438
99046|1427026
11895|15429459
3937|6257336
3943|2261850
3956|15431157
13993|1761757
3981|3287205
14107|9530937
13139|7600835
99047|1448901
7226|9558532
4014|14715087
7140|458089
13284|15773015
13142|12332661
99048|1454946
4151|6234769
13446|1493176
4176|1576480
4191|6360951
4198|12806131
10568|12417939
4231|11105868
14108|10324900
4238|11091883
10583|12356231
12996|9494940
99049|1481485
4274|15817287
5186|9118286
4354|9247529
10291|6391870
4414|1433973
4437|11103217
4476|6637763
99050|1490569
1820|1447582
4524|12031911
12313|3876650
14109|1434545
4600|6653433
4601|7604582
4615|1493025
13286|15454407
14390|1783222
14592|6257744
2540|6374528
4742|9118299
4762|8089078
14353|1481469
99051|1449632
14214|9543758
4829|7482968
12998|1457704
4842|10339693
13288|15462814
13289|9557517
14215|9527024
13820|6651645
5113|6663450
5115|9726990
14147|1466110
14451|10362219
5154|12327442
923|10530091
5185|9205392
5188|3391794
12791|1433354
5227|12306355
13996|9527046
14354|15417742
11850|15462101
12082|15131498
5252|6646320
12092|1642854
13098|9502910
14355|15462469
5316|9503545
5331|9739084
12946|12307531
6029|3130186
12999|1819331
5372|9206026
5383|12417849
5395|1785630
5401|10135112
5407|1433486
5421|1444327
5433|9505626
5435|9547875
13822|1468366
5507|1253551
5547|9243794
14452|9557527
14584|15796284
99017|6659527
14114|1482191
6318|3905787
5657|9235961
13584|9559531
5715|9228039
99018|6641277
13618|1473416
5748|533561
5752|532628
12902|1456438
5760|518836
5762|537009
13000|6358912
5768|9230298
12085|9503529
13823|10401668
10656|9503555
13619|1489748
12873|10364476
14453|6358907
5809|9215037
13151|7608913
12830|15397661
14115|15815938
5916|6257277
5917|9224530
99019|6657790
3751|1502631
13587|1438315
99052|1504065
5942|9241193
12469|7584402
13296|1497451
99020|6653443
13997|15434165
6033|6643536
12025|3276965
13297|1475827
6052|3116143
99021|6657763
6068|3109258
13001|15398548
13998|1471908
14358|15398930
6098|3109255
10643|6380579
6105|3116155
13394|10353261
13105|15432238
99022|6650455
99023|6651304
6181|3138303
12952|15789624
14359|7594035
11079|1502239
12953|1442785
11900|3402812
6264|4143225
13308|10343312
14116|1434648
2545|6257713
14360|15464790
6320|15797087
11188|12327907
13300|1825906
14118|9554185
13999|9502279
6369|1437539
13588|9494944
99024|6670075
12956|1483733
11854|15454620
12679|1437742
99053|1475085
14361|15783623
6441|1494469
13006|6668907
11855|15122714
7432|6347233
13108|15416970
13109|10346533
14217|15768290
12079|1331196
13009|1793897
12909|7568805
13110|15432661
12910|6653591
13396|10329485
13111|15430734
14454|10403043
14000|9527996
13491|6661843
6661|7681939
99025|6662479
12185|7495224
2452|6355692
13398|10375981
8167|6257436
13305|11930043
13306|8980699
6735|4310180
13400|10366636
6755|6586325
6783|6380571
99026|5222691
12801|9006018
99027|4292096
12032|9352494
99028|6643459
10512|6308580
11782|15114360
99029|6651766
12882|10399338
14148|1844070
14002|1491223
6738|6400895
6950|753583
6952|624025
13155|7575633
99030|6640168
14363|15769612
7069|15459127
12806|9014008
7080|1484234
7087|9543919
7102|8414022
13310|15523595
99031|6642139
12498|1558185
14218|1505275
13157|1557433
13311|1428767
7121|605026
7130|560047
14119|1457889
7144|605826
7146|660498
14593|15791189
99032|4014566
14585|1504087
12196|1623081
7188|504822
7268|3399740
13159|7592560
13122|1475118
11862|9545932
101|4226439
7279|10361391
14120|1447080
14455|1454228
7316|1489239
11440|4287890
14219|1432788
12479|9548594
13315|9320571
11922|6259002
7339|1500096
11641|9116540
7343|528135
7345|9230908
13826|15388644
7369|2773066
13404|524417
14364|1475603
7389|9494775
13161|15808248
14919|1450538
99033|16724080
7421|15583095
11509|1607383
7426|6641010
13012|15390077
13405|15436411
13827|9560035
7470|9558015
14920|1427377
99034|6556888
7510|6524805
10437|1644326
7528|1448381
7531|1490552
13013|15810410
7533|2806538
13163|15788161
14140|1496862
99035|8983993
14456|10396858
14594|1424809
14365|1460164
14008|9549182
12499|16747319
12810|9240711
14560|1447754
12846|9517450
12037|3287474
7661|1428337
13015|7600120
99036|6654324
13622|9498184
10486|12307466
99037|6635197
7696|12332560
7698|15846962
11335|9118262
99038|6670305
7721|12356238
7722|10346828
13321|10362971
7777|894814
12847|9503554
12918|1474351
7787|1442110
10296|9008234
13167|1433946
99039|8989751
7805|3381831
13829|1762764
13830|1486325
99040|6642024
12328|9545264
13831|15775083
99001|6654536
7842|9014140
13169|9503556
99002|6648375
99003|6644620
13324|10343384
9139|8986367
13170|15797786
12921|1496741
14773|9503622
14121|1442099
13171|10338395
14921|1440089
8033|12311112
14561|1480952
99005|6642270
8044|4234500
9918|6676693
99007|6661382
8098|7628398
14122|1456935
10936|12327953
7613|15799716
14141|1454727
12212|1603599
13018|9502907
13017|1501728
99008|6655081
99009|6661077
13409|10379713
9489|8989871
12923|3260974
10404|1450346
99010|6657247
8294|3679146
99011|6638500
13022|7599348
13174|1634981
8326|6642835
99012|6669851
13832|6652579
12482|1426593
8627|6656949
10955|6258493
11308|6359373
5722|9193461
9219|1484433
14562|8550539
14010|1845094
13301|10341683
10424|12311111
77229|1440136
13330|10369262
10716|6257721
99013|6637610
13027|7594857
99014|6639387
8469|10315004
13833|1491873
99015|6673270
99016|6665481
8431|1436303
8500|6314543
376|9500735
13591|1489774
13179|10373407
12219|1809817
14011|1451066
77033|9503534
14012|10386985
13495|9559535
13334|10388941
13335|10332649
1499|9001928
12403|9515997
6570|9395229
8602|5422102
14368|1815686
13835|1481701
14013|8549810
14014|10390339
13338|6380614
8843|4974311
13339|10324267
8783|8982030
14369|1781467
13592|1460722
2223|1484250
13340|10377092
13341|10362894
13625|10360713
14124|9504252
13040|7603052
13041|7610227
13189|3863049
14015|10395682
13042|15387586
13626|9558559
8796|9646037
13043|7601623
14142|1426968
13417|3846904
8831|491264
13192|9503558
13044|1424276
13045|7593355
13046|7607474
13047|7574901
14125|9504255
13676|15770278
8881|9118309
14221|1467584
13346|10403727
9540|6656573
8897|6644124
13051|15414353
13194|1498503
14017|10331600
9959|6654225
13352|6518597
13196|9002508
9792|6677573
13836|10338477
8957|10567175
13354|1451075
13347|9008269
9767|1440786
14394|1504092
13198|9558526
14150|9529304
13057|15790414
13058|7570140
12105|1513691
14370|1790557
14371|1825215
8997|12327895
14021|9502243
13059|15794780
14395|1478559
13424|9556450
13355|6671551
12698|1577494
13838|15418801
14604|1559356
6099|10357328
13629|9559058
13839|1493155
13677|9512965
13359|1458456
11936|3409391
9041|4958827
12107|3427545
13065|1817486
14595|15768312
13630|9494137
13361|15781475
11937|15125438
13678|1427887
6039|9225202
12553|9549820
14023|10365132
9073|7603095
13200|15460956
14126|9504240
14024|10341001
12063|6257355
14372|1791293
13841|10404551
9900|6656491
77036|15796284
9106|8987145
9188|1504061
9108|15800123
14127|9504242
14025|10362214
13842|9503543
14026|10352148
9116|9012418
13843|1507016
14373|1484426
14563|9558050
9122|8990169
12065|3372563
14027|10330256
14597|10324099
9129|9118303
14374|1817157
13461|9237046
9556|9549193
2833|1459928
9388|9010488
14028|10324234
11419|1638044
9143|8985406
14029|9545327
9153|7632193
13844|7570144
14030|9529341
3537|12356269
13211|1492538
14031|10367745
14396|1453992
9168|9549265
13374|5050742
9175|9002196
12066|9116551
11954|8524049
9189|1599171
13214|12311049
13215|9549248
14143|1449116
13845|10332572
14032|10402339
14033|1450558
14152|7600853
14035|10375971
9212|9006680
12426|10367750
13217|1459949
13632|9496687
14375|7585109
12158|3877330
13219|1426238
12558|9503592
5085|8985483
13220|1441574
14376|7597148
13221|1444782
9242|9560016
77038|15431486
11547|1652095
13381|1789824
13847|1441579
13432|9556987
13382|9229556
13681|10335283
13383|12822002
1642|6660307
14380|7593388
9271|9010939
13225|1491712
14381|1493685
9280|8986960
9282|9008958
14564|9557474
13848|1450568
13849|1501635
11646|14893747
9297|9726338
13376|1557858
11165|12332662
13377|10325711
14036|10397168
77039|10386640
13232|1446393
13850|8604548
13851|9520324
13235|1488553
12124|3612574
14382|1479529
12507|1448397
13237|15782149
13238|15782238
13239|7624567
12440|10402295
14384|1498948
12441|7610252
12252|9497492
13240|7606071
14037|10353692
13241|7617141
14038|10388071
11072|6009842
14039|9527953
9369|9001134
10446|1501758
10491|12307479
14458|15432215
13633|9560946
14386|1844769
13385|1487246
13386|2835452
9384|6380584
14040|9527201
12511|1524214
13245|1816013
13388|10361831
9389|8988847
12259|9549185
12260|9549252
13247|1434694
14041|9527784
13435|8985180
11178|12327417
11986|1616648
13463|7608169
12712|9009505
13503|1459970
11179|12327444
14129|9504243
14387|1844567
13464|1429280
13465|9010764
13253|1446866
13254|1425166
14557|9503496
13255|1467349
14042|9543267
10071|6644403
13467|1475091
9434|5537906
13468|1466620
13469|7588162
13685|9542543
14145|1446391
13472|9527799
13473|9496228
13634|9560952
13598|1430839
9693|6654849
4106|9503619
13477|7596340
13478|7592599
13600|1466833
13481|1433926
14397|15334003
10137|6670205
14398|1466087
13602|1512033
14132|9519584
9127|8993423
14046|9513681
13855|15816577
8134|10567785
14399|9543100
13603|1502715
9512|10964785
9514|6638937
11834|3322621
12721|4883386
14909|1506085
14400|1497904
13510|1497897
13856|9502912
13604|10367783
13605|9529319
14459|15451405
13635|9558521
11837|1434529
13636|9560501
14019|9502937
9551|6677182
13518|1449847
14047|4266539
14134|9555859
13521|1438836
14048|4217814
13524|1427867
13525|1503145
14154|9500212
9575|6646284
13527|1472831
9706|6659365
9579|6652691
9707|8992938
14146|1480245
14050|15781435
9583|6664957
12592|9494316
14565|7613014
14052|1588667
14155|1451272
9590|15125439
14156|1457935
9592|6655489
14401|1425845
9594|6668001
9595|6650357
9597|6671249
14055|1506035
9599|6673821
14402|1427898
9601|6656240
13861|9498661
8221|16728778
13538|1433521
13539|1426177
13540|1424830
9610|1638989
14056|1484230
13542|1453256
14057|1560091
13545|1560422
8464|1630619
13546|1492394
13547|1495658
9622|8986295
14566|7611677
13549|1843294
13862|1488575
9628|8985232
11240|15435959
13551|1492404
13552|1450366
14225|1761870
13555|1501229
13556|1578403
13557|1487230
13643|1444311
9649|9004066
4166|2165928
10686|6656744
13863|9559520
14158|15812473
9202|9008954
14138|9518086
9658|6662566
13561|1481670
14567|9499379
14404|1447583
14060|1512752
13564|1491872
14061|1525514
13693|10361434
13864|12327891
12069|6640850
14160|9544444
14062|1543657
12750|7606729
13868|1458632
14063|1499609
10725|6257630
13869|1500157
14064|1576481
10870|12332589
1074|11966945
13870|1460143
12755|1491733
9802|6673454
12756|1502133
10650|6410842
12757|9542533
13871|15788913
14568|3823487
13576|1464454
1013|6652045
14066|1487919
14162|9515951
14067|1502625
13873|1451988
14068|1498964
12763|15442552
13613|1503134
13696|9519572
11430|9517345
13697|9519753
13875|1428768
13646|1484239
13647|8443649
13648|15816644
13649|1440255
13876|10399590
14163|9514431
13650|1438852
14069|1431914
14070|1429281
13653|2714887
13654|4226928
14071|1431247
14072|1430722
13657|15791856
14406|1763371
13879|1504950
14074|1450354
13661|9497329
13662|15780032
13663|1503658
13664|1428329
14075|1490439
14164|9504200
14076|1493794
14077|1493686
13883|1513888
14462|15398905
13884|1545488
14165|9515183
10698|15127869
14166|1454178
14167|1429319
14078|1489909
3185|367832
14226|1430702
14227|1793161
3704|15125279
10701|6380503
13707|8592592
14228|1819333
1694|10366603
14169|1587762
14081|1460137
13886|1428333
14082|1504014
14170|7486948
6716|6671336
13715|10326866
13716|6025298
13887|1578402
13718|9503535
13719|9524896
14407|1456418
14172|1478055
11866|15113241
13724|1428263
13891|1511864
13727|1428259
11392|10526245
13728|9537617
13729|9543929
13731|1447613
13732|9501591
3405|2727968
13733|9501376
10798|6358845
14408|1489243
13735|9502066
13736|15823740
13737|9500905
13738|9534537
14085|1444307
13742|9543241
14086|1426176
14087|1454223
14230|1451807
13746|9530823
13747|9503468
14088|1428276
13896|1469602
13750|10356953
14089|1479498
13897|1437072
14090|1505296
13898|1502728
13755|1525887
13756|1512486
14091|1495689
14231|1436339
13757|1588930
13758|1438331
13759|10330491
13762|1589506
14176|1823832
13764|1501634
14177|1465843
14093|1475599
14094|1426197
13768|1478022
13769|1496842
14178|1494416
14179|9547936
13772|1489773
13902|1491881
14352|1425487
13775|1427423
14095|1454013
13778|1489765
14910|9502891
13780|1463155
14180|8998683
14096|1477106
13783|1503549
13784|1431798
14232|1504857
13786|1437559
13787|1822423
13788|1812325
13903|1778803
13904|1761771
11598|1444794
14097|1454933
13792|9542396
13793|1468117
13794|3848991
13795|1456969
13796|1474334
13797|1475069
13905|1779459
13799|1818613
13800|1495537
13801|1483729
13802|1448393
13803|1459208
13804|1488402
13805|1425846
13806|1482188
14181|1476540
14099|1505664
14234|1764845
14102|9556417
13811|1437698
14182|1498592
13813|1765249
14183|1485842
13815|1789501
13906|1785954
13907|1785319
14184|1467365
14599|15780766
14186|1588493
14187|1440896
14411|1480216
13913|1821719
14189|1490445
13915|1843461
13916|1482927
13917|1503161
13918|1453472
13919|1426218
13920|1424823
13921|1496147
14190|1474913
13923|1473599
14412|1487026
13926|6531598
13927|1762481
13928|1820771
13929|1763053
13930|1576852
924|8999164
14193|6645702
14194|6391969
14195|6379964
13934|1817144
14197|6401610
9109|10543996
13937|6582364
13938|6522563
13939|6564257
13941|6545944
14198|12329649
13943|9503686
14199|1441608
14200|1475850
13946|1493052
13947|1435852
13948|1468099
13949|1473628
13950|1493847
13951|1439642
14413|1476557
14414|7582887
13954|1764069
14204|1454196
13959|1460187
13960|1786238
14207|1456398
12134|3870738
999999989|1446176
13965|10324268
13967|10381166
13968|10400709
13969|10369568
999999990|6637610
14600|1426176
13964|10344435
13966|10336136
999999991|1844221
12229|12487151
11524|9367382
13973|10331307
13974|10353189
999999992|1481485
13976|10395990
13977|1429692
14417|9543749
13978|10353265
13979|10341361
999999993|1504065
999999994|1454946
999999995|1427026
999999996|1448901
999999997|1452520
999999998|1480026
999999999|1490569
999999980|6655081
999999981|6661382
999999982|6644620
999999983|6642270
999999984|6657247
999999985|6638500
999999986|15815962
999999987|6661077
999999988|6669851
14208|1496114
14209|1576851
14210|1589349
14211|1784928
14235|9556418
14236|12356378
14237|9545132
14238|1790964
14239|1506718
14240|1485640
14241|1452015
14242|1504035
14246|9544645
14247|9556960
14248|9515930
14249|7592562
14250|1510805
14251|1450565
14252|9536168
14253|1784929
14254|1475634
14569|9557526
14256|7591947
14257|1432958
14258|9517334
14422|1444972
14261|1440271
14262|6666653
14423|1467348
14424|1442908
14468|1424829
14425|1466081
77183|1781162
14269|1430824
14270|1429244
14271|1456399
14272|1812732
14428|1778508
14274|8528369
14275|8548569
14276|9543274
14429|1461691
14278|9543962
14279|9544652
14280|9545123
14281|9545334
14282|7585947
14283|7580680
14284|7569495
14285|7574943
14286|9528576
77184|15767023
14288|9528673
14289|9529344
14291|8551478
14605|1427431
14293|9530185
14294|9529432
11162|12310961
14295|9542359
14296|9515046
14297|1822098
14298|7572226
14300|8604073
14301|1787668
14302|7605318
14431|10364398
12390|3836440
14304|1459969
14305|1429243
14306|1474168
66001|9546479
14308|1558937
14309|1492410
66002|9545793
14311|1489779
14312|1475649
14433|15767080
14315|8546273
14316|8552289
14317|8586256
14318|8579880
14319|9543063
14435|1765015
14321|7572879
14322|7623398
66003|9546680
14324|7579282
14326|1493013
14327|15765297
14328|15824979
14329|7606714
14330|10323472
14331|7606053
66004|9547151
66005|9548010
14334|8535768
14335|8522463
14336|15811783
14337|8524842
66006|9547346
14339|15788197
14340|7612386
14341|7577741
66008|8526461
14343|15778499
14606|1441445
14437|1456388
14438|1452002
66009|8551477
14440|10369284
66010|8555726
66011|8589084
14443|1820772
14608|1475068
14609|1489898
14775|9502890
77006|9518838
14610|1504487
14911|1819656
14570|15774442
77012|1666183
14611|1458472
14912|10363335
77017|3936101
77018|3935959
14571|10330518
14613|1577134
14614|1559686
14573|1817156
77028|4155460
14444|15389400
14615|1511040
14446|6676460
14447|15458908
14616|1512936
66012|8585101
66013|8603621
66014|7571538
66015|7578541
66016|7605317
14471|7612381
14472|1824907
14473|1818611
66007|9547805
14617|1525231
14574|15770944
14618|1543984
14619|1589102
77047|1498018
14575|1771447
66017|1793502
66018|1844903
77050|1450558
14620|1460680
14576|9528756
14622|1477325
14577|7609595
14623|1485858
14578|10351789
77056|6380615
77057|6651977
77058|6649158
77059|6380617
14477|7608890
14478|1429806
14479|8542103
77170|9526481
14624|1500192
14482|8529182
77060|9117263
14625|1762585
14484|6383512
77065|9526273
77066|6380504
77067|8995521
14587|9531575
77070|6380489
14485|1845496
77071|1823516
60019|1498946
14487|1453487
77074|1466096
14488|1504892
14489|1489764
14491|1476370
14492|1441430
77077|1435135
77080|1495083
14628|1817485
14629|1845396
14494|1428816
14496|1453979
77083|1425806
14580|1782839
14655|10327029
14498|1788059
14631|1465844
14581|8522851
77091|1433352
77092|1428379
14778|9533955
14632|1483512
14499|1474142
14500|1482391
14501|1451773
14502|8558792
14589|15452486
14633|1433353
14583|7607490
77176|1781471
14634|1448886
77101|1788778
77102|1762241
77103|6675106
14779|9534542
77105|6590771
14635|1424546
14503|1429335
14504|1454715
14505|1506722
14506|1502238
14507|1483530
14508|1458660
14509|1451992
14636|1468853
14637|10365495
77113|15788076
77114|15812386
77115|1785631
77116|1472111
14510|15824942
14638|9546549
77187|1845671
14511|1483697
14641|1434509
14513|10333800
14514|10354700
14780|9534693
14646|9116513
77130|10325283
77131|7579930
77132|7560050
77133|15762774
77134|15779960
14515|15813108
14516|15823151
14517|10354390
14520|10394149
77142|8591112
14649|1816752
77144|9500170
14650|1816017
77146|10358852
77147|10324374
66021|7588169
14651|9502110
14522|8599557
77150|9534653
14524|8557481
14525|8542970
14530|9516681
14531|9515921
14532|9517352
14652|10369613
14653|9499498
14528|9515832
14529|9516584
14913|10354731
77162|9495540
77154|1493203
14533|9509821
14535|9508584
14656|15762208
14537|1783531
14538|1454713
14539|9510557
14540|9509318
14657|1491904
14541|7576369
14542|8550796
14543|9526987
14544|8584858
14545|9527244
14547|8534508
66020|8547587
77168|9518864
14659|1505709
14550|9527747
14660|9552337
14554|7582151
14555|7570850
14661|1484945
14662|1823519
77191|9527913
14664|1430317
14665|1450345
14666|7624591
14670|1499093
14667|15388622
14668|7584443
14671|1499116
77194|7573583
14672|6359407
14673|7573637
14674|1457151
14677|9496725
14678|8993740
14680|1818219
14681|8986367
14685|1435882
14686|1818935
14687|1468124
14688|15388950
14689|1503108
14690|1491244
14691|1486347
14692|1452529
14693|1789499
14694|10368140
14695|1428747
77195|9547957
77196|9547848
77197|1499635
14696|1472853
14697|9548526
14914|1497338
14710|9538166
14702|9492350
14705|9491748
14706|1788779
14707|9538884
14708|9495424
14709|9536939
77198|9537658
14714|1498018
14715|10396308
14716|1493203
14717|1447754
14718|1435135
14719|7611677
14721|1436492
14722|1469604
14724|1500734
14915|8581342
14726|9538379
14727|9539101
14728|9529449
14729|9530202
14730|9527926
14732|9532335
14733|9532436
14734|9533095
14735|9530093
14736|9529445
14737|1818215
14738|1787665
14739|1482219
14740|1822419
14741|1440251
14742|1846119
77199|9531585
14744|15435216
14746|10358852
14747|9518864
14748|9524926
14749|1511040
14750|1781174
14751|1771447
14752|1559356
14753|15779960
14754|9557526
14755|1426196
14916|9502894
14757|7607490
77200|8542970
77201|9543267
14758|9504239
14760|9526428
14762|9525669
14763|9525520
14764|9524917
14765|9504224
14766|9503625
14767|9503624
14768|9503623
14769|9548537
14771|9549244
14772|9549847
14781|9535284
14782|9535436
12579|1618210
14783|9545260
14784|9502889
14785|9545879
14787|9547272
14788|9547221
25010|9503530
25011|1487703
25012|9496832
25013|1430326
25014|9496186
25015|9543780
25016|1461428
25017|6401624
25018|8531881
25001|1435697
25002|15417273
25003|1503583
25004|1439443
25005|9514294
25006|10402839
25007|8604921
25008|1467591
25009|7598605
14789|10328491
14790|10325453
14791|1505726
14792|10340687
14793|10373013
14794|10327391
14795|10330446
14796|10338098
14797|10333807
14798|10396589
14799|15452063
14800|9532316
14801|9536020
14802|15431463
14803|15811720
14804|10334988
14805|10359584
14807|10393550
14808|10389340
14810|15778520
14811|10392600
77202|15398312
77203|10396557
14812|10400658
14314|10323786
14814|9521237
14815|10390262
14816|1449103
14817|10341011
14818|10370014
14819|10334116
14820|10400872
14821|10378492
14822|10376354
77204|10330276
77205|10334363
14823|10323981
14824|15777873
14825|15811153
77207|15768954
14827|15782885
14828|15767709
14830|1493037
14831|1468146
14832|1455494
14833|1435744
14834|1502640
77208|1465189
14835|1474128
14836|1449648
14837|1456918
14838|1442735
14839|1436489
77209|1427477
14840|1440937
14841|1429288
77210|1430229
14842|1440937
14843|1459185
14844|1460168
77211|1459392
72112|1483717
14848|1444325
77213|1473598
14849|1497476
77214|1426236
14850|1444780
14851|1435881
14852|1426163
14853|1489274
14855|1469119
14845|1464688
14856|1432944
14857|1454964
14860|1473623
14861|1436304
14862|1442275
14863|1448411
14864|1466111
14865|1459971
14866|1503609
14867|1449811
14868|1466060
14869|1476381
77215|1429282
14870|1433507
14871|1762327
14873|1434086
14874|1448923
14846|1459210
14875|1429236
14876|1441441
14878|1471879
14879|1449660
77216|1447756
77217|1481686
77218|1498992
77219|1466641
77220|1483558
77221|1504047
77222|1474164
77223|1429739
77224|1506415
77225|1471880
14881|1494313
14882|1428297
14883|1457706
14884|1460138
14885|1459393
77226|1491746
77227|1460896
14886|1434048
14887|1447585
14888|1481650
14889|1489102
14890|1468317
14891|1454913
14892|1435847
14893|1494303
14894|1492534
14895|1473616
14896|1466812
14897|1499066
14898|1449083
14899|1429780
14900|1440909
14901|1446911
14902|1494418
14903|1455702
14904|1429202
14905|1427046
14906|1443410
14907|1459439
14103|10372648
14590|10344040
14212|9504250
14105|9494763
32|6512516
34|12803892
45|9014106
46|3131404
47|15461970
50|7046376
66|15433742
71|12826421
81|5547268
95|9529471
13980|1587576
110|6361940
114|10375624
13256|15784420
115|8413814
12595|9494149
120|1497337
125|12810942
128|12816347
14917|9502888
133|9555365
134|12810826
142|3932788
154|12809871
157|300025
170|9010414
191|12818816
213|7653460
233|12823518
260|10220100
261|1448368
265|12817887
280|1475800
286|9536903
288|1625549
303|12819515
309|12813177
345|12806131
346|12806131
355|6410251
362|12809703
363|1507038
364|12806131
13257|9558041
376|9500735
385|1643233
388|7603092
396|3419152
398|12814516
402|12807377
407|12808560
471|1440288
538|6672142
571|1426553
13981|9559550
626|12022767
639|1472616
13258|1430306
864|1444112
923|10530091
13259|1425465
936|15449848
944|10395369
1013|6652045
1060|7661601
1074|11966945
1085|16117378
1192|1501116
1202|868195
12357|6259045
1231|1434555
1257|5546403
13816|1506064
13982|1432302
14918|9507635
13983|1462177
1544|7599226
1271|10534549
1272|6391915
1281|15464353
14558|1474331
1288|7597853
1298|842992
1335|5554967
1363|1480932
1416|12311063
1434|2992154
1499|9001928
13984|9500681
14110|10336181
1600|6029821
1642|6660307
1670|6012162
1673|9008100
1694|10366603
13073|6360432
1765|1498576
1789|9558051
1801|2662200
13074|15791114
1802|10351759
1820|1447582
1931|6666653
1932|2653243
1933|392501
2046|9503544
2097|6381645
2107|6435106
2121|7601622
14106|10328756
2124|15811771
2174|15083529
2202|7591878
2208|12410361
2223|1484250
2279|9003100
12934|9503542
2340|8986192
14388|1762330
2452|6355692
2460|7572894
2534|6524552
12951|1466614
2540|6374528
14908|1482894
2545|6257713
2582|2994978
2606|3578207
2609|2995260
2617|4704850
2624|9001095
14449|10371822
2710|4409239
13262|7587410
13264|1478795
2792|6257322
2806|6661929
2833|1459928
2844|1491895
13985|1490440
2857|9117258
13263|1506706
2862|6653049
2889|6665959
2940|15095460
12891|7598615
2954|8985895
2983|1824528
14344|15772304
3064|15435952
3071|9737953
3101|5708073
3103|1491086
3123|3207236
3146|6258469
3151|7598617
3154|870021
3185|367832
3188|377395
3215|9694989
3259|6257339
13986|1481452
3266|6258446
13186|15773015
3319|1489057
13818|1790228
3371|15421782
13081|5602387
3405|2727968
3419|15812474
3426|10384510
3534|7851820
3537|12356269
3548|1805363
3557|9209154
3564|2334166
12894|6381624
12960|1610480
12993|1505649
3619|6264729
3645|5853306
3661|4266830
3702|12307420
3704|15125279
12817|7607446
3705|15112567
3751|1502631
3769|2771651
3778|9187776
3804|1506390
13082|15788120
3827|9012902
3844|2282455
3850|1635038
12994|1786618
3870|15252283
13083|15818629
3931|1433351
3937|6257336
13580|1465401
3943|2261850
3956|15431157
13085|15808213
3981|3287205
4106|9503619
4151|6234769
4152|9512991
4166|2165928
4176|1576480
4191|6360951
4198|12806131
4231|11105868
4238|11091883
4274|15817287
4354|9247529
4414|1433973
4437|11103217
14107|9530937
4476|6637763
12085|9503529
4524|12031911
4600|6653433
4601|7604582
12498|1558185
4615|1493025
14389|1818614
14345|7568824
4742|9118299
4762|8089078
4793|1493796
12968|7607446
4829|7482968
14346|15768352
13987|9494801
4842|10339693
14390|1783222
11927|1428383
5085|8985483
14108|10324900
13266|1458424
12863|3363273
5113|6663450
5115|9726990
5154|12327442
5185|9205392
5186|9118286
5188|3391794
5227|12306355
14109|1434545
14450|10356564
5252|6646320
14213|9546606
5316|9503545
5331|9739084
14347|7625144
12996|9494940
12499|16747319
13669|10328736
5372|9206026
5383|12417849
5395|1785630
5401|10135112
5407|1433486
5421|1444327
5433|9505626
5435|9547875
5507|1253551
5547|9243794
5657|9235961
5715|9228039
5722|9193461
5748|533561
5752|532628
5760|518836
5762|537009
14348|15775041
13271|1433535
5768|9230298
14349|15762169
5809|9215037
12791|1433354
5916|6257277
5917|9224530
5942|9241193
6029|3130186
6033|6643536
13988|15447387
6052|3116143
6068|3109258
14591|10328462
14350|15762763
13273|15461993
12998|1457704
12999|1819331
6098|3109255
6099|10357328
14214|9543758
6105|3116155
6181|3138303
6264|4143225
6318|3905787
6320|15797087
6369|1437539
14592|6257744
14451|10362219
6441|1494469
13098|9502910
11122|12328444
13820|6651645
6570|9395229
6661|7681939
13489|10401718
6735|4310180
14215|9527024
13000|6358912
6755|6586325
6783|6380571
99051|1449632
13275|1498459
12946|12307531
6950|753583
6952|624025
13584|9559531
14353|1481469
7069|15459127
13617|1823830
7080|1484234
7087|9543919
7102|8414022
14354|15417742
7121|605026
7130|560047
7140|458089
7144|605826
7146|660498
7188|504822
7226|9558532
14355|15462469
7268|3399740
7279|10361391
7316|1489239
7339|1500096
7343|528135
12902|1456438
7345|9230908
13001|15398548
13276|1763502
7369|2773066
7389|9494775
7421|15583095
7426|6641010
7462|6371071
12873|10364476
7470|9558015
14919|1450538
12830|15397661
7510|6524805
7528|1448381
7531|1490552
7533|2806538
14452|9557527
13618|1473416
12679|1437742
7661|1428337
14453|6358907
13105|15432238
7696|12332560
12952|15789624
7698|15846962
12953|1442785
12113|6391887
7721|12356238
14114|1482191
7722|10346828
12469|7584402
13436|15810360
7777|894814
13308|10343312
7787|1442110
7805|3381831
13108|15416970
7842|9014140
13992|1843057
12956|1483733
13281|1844438
13993|1761757
8033|12311112
13619|1489748
8044|4234500
8098|7628398
8134|10567785
14115|15815938
8221|16728778
13006|6668907
8294|3679146
13109|10346533
8326|6642835
13110|15432661
8431|1436303
13111|15430734
12909|7568805
12801|9006018
14116|1434648
12910|6653591
13009|1793897
13996|9527046
8469|10315004
8500|6314543
13997|15434165
14454|10403043
13284|15773015
8602|5422102
13439|3678409
14147|1466110
4014|14715087
13587|1438315
13286|15454407
12882|10399338
8627|6656949
8783|8982030
14358|15398930
8796|9646037
8831|491264
13012|15390077
8881|9118309
12507|1448397
13998|1471908
8897|6644124
12806|9014008
8957|10567175
14359|7594035
13288|15462814
14360|15464790
8997|12327895
14140|1496862
13013|15810410
9041|4958827
13289|9557517
9073|7603095
9106|8987145
9108|15800123
13122|1475118
14361|15783623
13999|9502279
14920|1427377
9116|9012418
9122|8990169
9127|8993423
13588|9494944
14000|9527996
12810|9240711
9129|9118303
8167|6257436
9139|8986367
9143|8985406
12479|9548594
13394|10353261
12846|9517450
12511|1524214
9153|7632193
9168|9549265
9175|9002196
12847|9503554
13822|1468366
9189|1599171
9212|9006680
13823|10401668
9242|9560016
9271|9010939
9280|8986960
9282|9008958
14455|1454228
14148|1844070
13015|7600120
12918|1474351
14363|15769612
14921|1440089
101|4226439
9297|9726338
9321|1499118
9369|9001134
9384|6380584
14364|1475603
12921|1496741
13296|1497451
9389|8988847
9434|5537906
9449|1814202
9489|8989871
9512|10964785
9514|6638937
9540|6656573
13826|15388644
9551|6677182
9575|6646284
9579|6652691
9583|6664957
12923|3260974
13827|9560035
9590|15125439
9592|6655489
9594|6668001
9595|6650357
9597|6671249
13018|9502907
9599|6673821
9601|6656240
9603|6671997
9610|1638989
9622|8986295
9628|8985232
9649|9004066
9658|6662566
77229|1440136
9693|6654849
13017|1501728
9706|6659365
9707|8992938
9753|6675416
9767|1440786
13022|7599348
9792|6677573
9802|6673454
9900|6656491
9918|6676693
13297|1475827
14456|10396858
10512|6308580
14118|9554185
10071|6644403
14593|15791189
10124|6636751
10137|6670205
10219|6391900
10291|6391870
10296|9008234
14002|1491223
14119|1457889
13829|1762764
14560|1447754
14773|9503622
13830|1486325
13396|10329485
10374|8997571
14561|1480952
13491|6661843
10404|12332018
10405|9496047
10410|1427813
10424|12311111
10437|1644326
13300|1825906
10446|1501758
10491|12307479
13398|10375981
14365|1460164
13027|7594857
6738|6400895
10568|12417939
10583|12356231
7432|6347233
14217|15768290
12482|1426593
13400|10366636
14218|1505275
10643|6380579
14141|1454727
14594|1424809
10650|6410842
10656|9503555
13446|1493176
10686|6656744
77033|9503534
10693|15115895
10698|15127869
10701|6380503
10716|6257721
13305|11930043
10725|6257630
13622|9498184
13306|8980699
14008|9549182
13040|7603052
14394|1504092
10798|6358845
13310|15523595
13041|7610227
13042|15387586
13043|7601623
10870|12332589
14595|15768312
10890|12327950
10933|12199428
13044|1424276
10936|12327953
13045|7593355
13311|1428767
14368|1815686
13046|7607474
13047|7574901
10955|6258493
14120|1447080
14219|1432788
14369|1781467
13404|524417
14121|1442099
11079|1502239
14597|10324099
13315|9320571
11335|9118262
13051|15414353
11165|12332662
11178|12327417
11179|12327444
11188|12327907
14562|8550539
11224|9503594
13405|15436411
14122|1456935
11240|15435959
14370|1790557
13057|15790414
11308|6359373
7613|15799716
13058|7570140
9219|1484433
13059|15794780
13831|15775083
11392|10526245
11419|1638044
14010|1845094
14371|1825215
11430|9517345
12698|1577494
11440|4287890
13832|6652579
10486|12307466
13321|10362971
13625|10360713
14124|9504252
14011|1451066
11509|1607383
13833|1491873
13324|10343384
11547|1652095
13065|1817486
77036|15796284
13495|9559535
11598|1444794
14012|10386985
14013|8549810
11641|9116540
11646|14893747
14142|1426968
14014|10390339
13835|1481701
13836|10338477
11700|1216285
13591|1489774
14015|10395682
11773|15132192
11782|15114360
14143|1449116
13409|10379713
11834|3322621
11837|1434529
11843|15390149
11850|15462101
12553|9549820
11854|15454620
11855|15122714
11862|9545932
13626|9558559
14395|1478559
11895|15429459
11900|3402812
11912|15425516
11922|6259002
11936|3409391
11937|15125438
77038|15431486
13838|15418801
11986|1616648
13592|1460722
13301|10341683
12016|15398236
12018|3296820
14372|1791293
12025|3276965
13330|10369262
12032|9352494
12558|9503592
14017|10331600
12037|3287474
9959|6654225
12063|6257355
12065|3372563
12066|9116551
13839|1493155
13629|9559058
14563|9558050
14373|1484426
14564|9557474
12079|1331196
12082|15131498
12084|1640995
12087|1493803
13630|9494137
12092|1642854
12105|1513691
12107|3427545
13334|10388941
13335|10332649
14021|9502243
12124|3612574
14125|9504255
14604|1559356
14023|10365132
14150|9529304
12185|7495224
12196|1623081
12426|10367750
14126|9504240
12212|1603599
12219|1809817
13338|6380614
8843|4974311
14127|9504242
14374|1817157
12259|9549185
14375|7585109
12260|9549252
13339|10324267
12298|9116420
12313|3876650
12328|9545264
14024|10341001
14221|1467584
13340|10377092
14025|10362214
14396|1453992
12383|1503160
12384|9503559
14376|7597148
12385|8992961
14026|10352148
77039|10386640
13676|15770278
12403|9515997
13341|10362894
13125|1652912
13127|15387757
13128|1504451
12712|9009505
14380|7593388
13677|9512965
13417|3846904
14129|9504243
13346|10403727
13134|7602334
13632|9496687
13678|1427887
13352|6518597
13841|10404551
13139|7600835
13354|1451075
13347|9008269
13142|12332661
14027|10330256
13842|9503543
14381|1493685
14382|1479529
13355|6671551
13843|1507016
12440|10402295
12441|7610252
13844|7570144
13424|9556450
14458|15432215
14028|10324234
14384|1498948
13151|7608913
12252|9497492
13359|1458456
14459|15451405
13503|1459970
13845|10332572
13155|7575633
13633|9560946
13157|1557433
13361|15781475
13159|7592560
13461|9237046
13161|15808248
14029|9545327
13163|15788161
14030|9529341
14031|10367745
13167|1433946
14386|1844769
13169|9503556
13170|15797786
13171|10338395
13681|10335283
13847|1441579
13174|1634981
14032|10402339
14387|1844567
13848|1450568
13179|10373407
13849|1501635
13463|7608169
14033|1450558
14152|7600853
13850|8604548
14035|10375971
14036|10397168
13189|3863049
9188|1504061
13432|9556987
13192|9503558
13374|5050742
13851|9520324
13194|1498503
12579|1618210
13464|1429280
13196|9002508
13381|1789824
13198|9558526
13382|9229556
6039|9225202
13200|15460956
12158|3877330
12721|4883386
14037|10353692
14038|10388071
13383|12822002
14557|9503496
14039|9527953
13376|1557858
9556|9549193
9388|9010488
13377|10325711
14040|9527201
14041|9527784
12592|9494316
13211|1492538
14145|1446391
13385|1487246
11954|8524049
13214|12311049
13215|9549248
14042|9543267
14146|1480245
13217|1459949
14397|15334003
13219|1426238
13220|1441574
13221|1444782
14398|1466087
13386|2835452
13225|1491712
14046|9513681
13388|10361831
13855|15816577
13856|9502912
14132|9519584
13232|1446393
14565|7613014
14019|9502937
13235|1488553
14399|9543100
13237|15782149
13238|15782238
13239|7624567
13240|7606071
13241|7617141
13598|1430839
11072|6009842
13634|9560952
14047|4266539
13245|1816013
13465|9010764
13247|1434694
13861|9498661
13862|1488575
13863|9559520
13864|12327891
13253|1446866
13254|1425166
13255|1467349
14400|1497904
13685|9542543
14048|4217814
14401|1425845
13467|1475091
13468|1466620
13868|1458632
13469|7588162
13869|1500157
12750|7606729
13870|1460143
13871|15788913
14402|1427898
13873|1451988
14154|9500212
13875|1428768
13876|10399590
14050|15781435
13600|1466833
13879|1504950
14052|1588667
14155|1451272
14156|1457935
13883|1513888
13884|1545488
14055|1506035
12755|1491733
12756|1502133
12757|9542533
13886|1428333
13887|1578402
14566|7611677
14056|1484230
14134|9555859
13891|1511864
13472|9527799
14057|1560091
13473|9496228
14404|1447583
12763|15442552
8464|1630619
13896|1469602
13635|9558521
13636|9560501
14567|9499379
14462|15398905
14225|1761870
14158|15812473
14138|9518086
13643|1444311
13602|1512033
14060|1512752
14061|1525514
13897|1437072
13603|1502715
13898|1502728
13477|7596340
13478|7592599
14062|1543657
13646|1484239
13647|8443649
13648|15816644
13649|1440255
14063|1499609
13650|1438852
14064|1576481
14568|3823487
14066|1487919
12069|6640850
13653|2714887
14067|1502625
13654|4226928
13604|10367783
13902|1491881
14068|1498964
13657|15791856
14406|1763371
14160|9544444
13903|1778803
13481|1433926
13605|9529319
14069|1431914
13661|9497329
13510|1497897
13904|1761771
13905|1779459
14162|9515951
13662|15780032
13663|1503658
14070|1429281
14071|1431247
13664|1428329
13906|1785954
14072|1430722
13435|8985180
14163|9514431
14407|1456418
13907|1785319
13693|10361434
13518|1449847
14074|1450354
13521|1438836
14075|1490439
14164|9504200
13524|1427867
13525|1503145
14076|1493794
13527|1472831
13696|9519572
14165|9515183
14166|1454178
14077|1493686
13697|9519753
14078|1489909
14167|1429319
14226|1430702
13916|1482927
13538|1433521
13539|1426177
13540|1424830
14227|1793161
13542|1453256
14081|1460137
13545|1560422
13546|1492394
13547|1495658
13917|1503161
13549|1843294
13551|1492404
13552|1450366
14228|1819333
14169|1587762
13555|1501229
13556|1578403
13557|1487230
13918|1453472
14082|1504014
9202|9008954
14170|7486948
13561|1481670
14408|1489243
13919|1426218
13564|1491872
13613|1503134
13920|1424823
14172|1478055
13921|1496147
14599|15780766
13923|1473599
14085|1444307
14086|1426176
14087|1454223
13576|1464454
14230|1451807
14176|1823832
14177|1465843
14088|1428276
14089|1479498
13926|6531598
14090|1505296
13707|8592592
14178|1494416
14179|9547936
13927|1762481
13928|1820771
14091|1495689
14600|1426176
14180|8998683
6716|6671336
13715|10326866
13716|6025298
13929|1763053
13718|9503535
13719|9524896
14231|1436339
13930|1576852
14352|1425487
924|8999164
11866|15113241
13724|1428263
14093|1475599
14094|1426197
13727|1428259
13728|9537617
13729|9543929
13731|1447613
13732|9501591
13733|9501376
14095|1454013
13735|9502066
13736|15823740
13737|9500905
13738|9534537
14096|1477106
13934|1817144
13742|9543241
14097|1454933
14181|1476540
14182|1498592
13746|9530823
13747|9503468
14099|1505664
14232|1504857
13750|10356953
9109|10543996
14102|9556417
13937|6582364
13755|1525887
13756|1512486
13938|6522563
13939|6564257
13757|1588930
13758|1438331
13759|10330491
13762|1589506
14183|1485842
13764|1501634
14184|1467365
14186|1588493
13768|1478022
13769|1496842
14187|1440896
13941|6545944
13772|1489773
14411|1480216
13943|9503686
13775|1427423
14189|1490445
13778|1489765
14909|1506085
13780|1463155
14190|1474913
13783|1503549
13784|1431798
14234|1764845
13786|1437559
13787|1822423
13788|1812325
14412|1487026
14193|6645702
14194|6391969
13792|9542396
13793|1468117
13794|3848991
13795|1456969
13796|1474334
13797|1475069
13946|1493052
13799|1818613
13800|1495537
13801|1483729
13802|1448393
13803|1459208
13804|1488402
13805|1425846
13806|1482188
14195|6379964
14197|6401610
14198|12329649
14199|1441608
13811|1437698
14200|1475850
13813|1765249
14413|1476557
13815|1789501
13947|1435852
13948|1468099
13949|1473628
13950|1493847
13951|1439642
14414|7582887
13954|1764069
14204|1454196
14207|1456398
13959|1460187
13960|1786238
12134|3870738
14208|1496114
14209|1576851
13965|10324268
13967|10381166
13968|10400709
13969|10369568
14210|1589349
13964|10344435
13966|10336136
14211|1784928
12229|12487151
11524|9367382
13973|10331307
13974|10353189
14235|9556418
13976|10395990
13977|1429692
14417|9543749
13978|10353265
13979|10341361
14236|12356378
14237|9545132
14238|1790964
14239|1506718
14240|1485640
14241|1452015
14242|1504035
77183|1781162
14246|9544645
14247|9556960
14248|9515930
14249|7592562
14250|1510805
14251|1450565
14252|9536168
14253|1784929
14254|1475634
14569|9557526
14256|7591947
14257|1432958
14258|9517334
77184|15767023
14422|1444972
14261|1440271
14262|6666653
14423|1467348
14424|1442908
14468|1424829
14425|1466081
14605|1427431
14269|1430824
14270|1429244
14271|1456399
14272|1812732
14428|1778508
14274|8528369
14275|8548569
14276|9543274
14429|1461691
14278|9543962
14279|9544652
14280|9545123
14281|9545334
14282|7585947
14283|7580680
14284|7569495
14285|7574943
14286|9528576
14606|1441445
14288|9528673
14289|9529344
14291|8551478
14293|9530185
14294|9529432
11162|12310961
14295|9542359
14296|9515046
14297|1822098
14298|7572226
14300|8604073
14301|1787668
14302|7605318
14431|10364398
12390|3836440
14304|1459969
14305|1429243
14306|1474168
66001|9546479
14308|1558937
14309|1492410
66002|9545793
14311|1489779
14312|1475649
14433|15767080
14315|8546273
14316|8552289
14317|8586256
14318|8579880
14319|9543063
14435|1765015
14321|7572879
14322|7623398
66003|9546680
14324|7579282
14326|1493013
14327|15765297
14328|15824979
14329|7606714
14330|10323472
14331|7606053
66004|9547151
66005|9548010
14334|8535768
14335|8522463
14336|15811783
14337|8524842
66006|9547346
14339|15788197
14340|7612386
14341|7577741
66008|8526461
14343|15778499
14608|1475068
14437|1456388
14438|1452002
66009|8551477
14440|10369284
66010|8555726
66011|8589084
14443|1820772
14609|1489898
14584|15796284
14610|1504487
14910|9502891
77006|9518838
14611|1458472
14911|1819656
14570|15774442
77012|1666183
14613|1577134
14775|9502890
77017|3936101
77018|3935959
14614|1559686
14571|10330518
14615|1511040
14616|1512936
14573|1817156
77028|4155460
14444|15389400
14617|1525231
14446|6676460
14447|15458908
14618|1543984
66012|8585101
66013|8603621
66014|7571538
66015|7578541
66016|7605317
14471|7612381
14472|1824907
14473|1818611
66007|9547805
14619|1589102
14574|15770944
14620|1460680
77047|1498018
14575|1771447
66017|1793502
66018|1844903
77050|1450558
14622|1477325
14623|1485858
14576|9528756
14624|1500192
14577|7609595
14625|1762585
14578|10351789
77056|6380615
77057|6651977
77058|6649158
77059|6380617
14477|7608890
14478|1429806
14479|8542103
77170|9526481
14482|8529182
77060|9117263
14628|1817485
14484|6383512
77065|9526273
77066|6380504
77067|8995521
14585|1504087
14629|1845396
77070|6380489
14485|1845496
77071|1823516
60019|1498946
14487|1453487
77074|1466096
14488|1504892
14489|1489764
14491|1476370
14492|1441430
77077|1435135
14912|10363335
77080|1495083
14655|10327029
14494|1428816
14496|1453979
14631|1465844
77083|1425806
14580|1782839
14632|1483512
14498|1788059
14633|1433353
14581|8522851
77091|1433352
77092|1428379
14634|1448886
14499|1474142
14500|1482391
14501|1451773
14502|8558792
14587|9531575
14635|1424546
14583|7607490
14589|15452486
77101|1788778
77102|1762241
77103|6675106
14778|9533955
77105|6590771
77176|1781471
14503|1429335
14504|1454715
14505|1506722
14506|1502238
14507|1483530
14508|1458660
14509|1451992
14636|1468853
14637|10365495
77113|15788076
77114|15812386
77115|1785631
77116|1472111
14510|15824942
14638|9546549
77187|1845671
14511|1483697
14641|1434509
14513|10333800
14514|10354700
14779|9534542
14646|9116513
77130|10325283
77131|7579930
77132|7560050
77133|15762774
77134|15779960
14515|15813108
14516|15823151
14517|10354390
14520|10394149
77142|8591112
14649|1816752
77144|9500170
14650|1816017
77146|10358852
77147|10324374
66021|7588169
17|1456923
8|12810192
14522|8599557
77150|9534653
14524|8557481
14525|8542970
14530|9516681
14531|9515921
14532|9517352
18|9825962
14528|9515832
14529|9516584
14651|9502110
77162|9495540
77154|1493203
14533|9509821
14535|9508584
14652|10369613
14537|1783531
14538|1454713
14539|9510557
14540|9509318
14653|9499498
14913|10354731
14541|7576369
14542|8550796
14543|9526987
14544|8584858
14545|9527244
14547|8534508
66020|8547587
77168|9518864
14656|15762208
14550|9527747
14657|1491904
14554|7582151
14555|7570850
14659|1505709
14660|9552337
14661|1484945
14662|1823519
77191|9527913
14664|1430317
14665|1450345
14666|7624591
14670|1499093
14667|15388622
14668|7584443
14671|1499116
77194|7573583
14672|6359407
14673|7573637
14674|1457151
14677|9496725
14678|8993740
14680|1818219
14681|8986367
14685|1435882
14686|1818935
14687|1468124
14688|15388950
14689|1503108
14690|1491244
14691|1486347
14692|1452529
14693|1789499
14694|10368140
14695|1428747
77195|9547957
77196|9547848
77197|1499635
14696|1472853
14697|9548526
14914|1497338
14710|9538166
14702|9492350
14705|9491748
14706|1788779
14707|9538884
14708|9495424
14709|9536939
77198|9537658
14711|9493661
14712|9530081
14714|1498018
14715|10396308
14716|1493203
14717|1447754
14718|1435135
14719|7611677
14721|1436492
14722|1469604
14724|1500734
14915|8581342
14726|9538379
14727|9539101
14728|9529449
14729|9530202
14730|9527926
14732|9532335
14733|9532436
14734|9533095
14735|9530093
14736|9529445
14737|1818215
14738|1787665
14739|1482219
14740|1822419
14741|1440251
14742|1846119
77199|9531585
14744|15435216
14746|10358852
14747|9518864
14748|9524926
14753|15779960
14754|9557526
14755|1426196
14916|9502894
14757|7607490
77200|8542970
77201|9543267
14758|9504239
14760|9526428
14762|9525669
14763|9525520
14764|9524917
14765|9504224
14766|9503625
14767|9503624
14768|9503623
14769|9548537
14771|9549244
14772|9549847
14780|9534693
14781|9535284
14782|9535436
14783|9545260
14784|9502889
14785|9545879
14787|9547272
14788|9547221
25010|9503530
25011|1487703
25012|9496832
25013|1430326
25014|9496186
25015|9543780
25016|1461428
25017|6401624
25018|8531881
25001|1435697
25002|15417273
25003|1503583
25004|1439443
25005|9514294
25006|10402839
25007|8604921
25008|1467591
25009|7598605
14789|10328491
14790|10325453
14791|1505726
14792|10340687
14793|10373013
14794|10327391
14795|10330446
14796|10338098
14797|10333807
14798|10396589
14799|15452063
14800|9532316
14801|9536020
14802|15431463
14803|15811720
999999986|15815962
14804|10334988
14805|10359584
14807|10393550
14808|10389340
14810|15778520
14811|10392600
77202|15398312
77203|10396557
14812|10400658
14314|10323786
14814|9521237
14815|10390262
14816|1449103
14817|10341011
14818|10370014
14819|10334116
14820|10400872
14821|10378492
14822|10376354
77204|10330276
77205|10334363
14823|10323981
14824|15777873
14825|15811153
77207|15768954
14827|15782885
14828|15767709
14830|1493037
14831|1468146
14832|1455494
14833|1435744
14834|1502640
77208|1465189
14835|1474128
14836|1449648
14837|1456918
14838|1442735
14839|1436489
77209|1427477
14840|1440937
14841|1429288
77210|1430229
14842|1440937
14843|1459185
14844|1460168
77211|1459392
72112|1483717
14848|1444325
77213|1473598
14849|1497476
77214|1426236
14850|1444780
14851|1435881
14852|1426163
14853|1489274
14855|1469119
14845|1464688
14856|1432944
14857|1454964
14860|1473623
14861|1436304
14862|1442275
14863|1448411
14864|1466111
14865|1459971
14866|1503609
14867|1449811
14868|1466060
14869|1476381
77215|1429282
14870|1433507
14871|1762327
14873|1434086
14874|1448923
14846|1459210
14875|1429236
14876|1441441
14878|1471879
14879|1449660
77216|1447756
77217|1481686
77218|1498992
77219|1466641
77220|1483558
77221|1504047
77222|1474164
77223|1429739
77224|1506415
77225|1471880
14881|1494313
14882|1428297
14883|1457706
14884|1460138
14885|1459393
77226|1491746
77227|1460896
14886|1434048
14887|1447585
14888|1481650
14889|1489102
14890|1468317
14891|1454913
14892|1435847
14893|1494303
14894|1492534
14895|1473616
14896|1466812
14897|1499066
14898|1449083
14899|1429780
14900|1440909
14901|1446911
14902|1494418
14903|1455702
14904|1429202
14905|1427046
14906|1443410
14907|1459439
14590|10344040
14212|9504250
8|12810192
17|1456923
18|9825962
13256|15784420
32|6512516
34|12803892
45|9014106
46|3131404
47|15461970
50|7046376
10374|8997571
66|15433742
71|12826421
81|5547268
95|9529471
13257|9558041
13980|1587576
12595|9494149
110|6361940
114|10375624
115|8413814
120|1497337
10933|12199428
125|12810942
128|12816347
14917|9502888
133|9555365
134|12810826
142|3932788
12383|1503160
154|12809871
157|300025
170|9010414
14213|9546606
191|12818816
10219|6391900
213|7653460
233|12823518
260|10220100
10405|9496047
261|1448368
265|12817887
280|1475800
286|9536903
288|1625549
303|12819515
309|12813177
13040|7603052
345|12806131
346|12806131
355|6410251
362|12809703
363|1507038
364|12806131
13258|1430306
376|9500735
13981|9559550
2617|4704850
385|1643233
388|7603092
396|3419152
398|12814516
402|12807377
407|12808560
13816|1506064
13041|7610227
471|1440288
538|6672142
571|1426553
13042|15387586
626|12022767
12357|6259045
13259|1425465
639|1472616
13580|1465401
13982|1432302
864|1444112
9753|6675416
14908|1482894
14110|10336181
12016|15398236
936|15449848
13983|1462177
944|10395369
12934|9503542
1013|6652045
1060|7661601
1085|16117378
9189|1599171
1202|868195
13073|6360432
1231|1434555
1257|5546403
14918|9507635
14344|15772304
1271|10534549
1272|6391915
1281|15464353
13262|7587410
1288|7597853
13436|15810360
13043|7601623
1298|842992
1335|5554967
11912|15425516
1363|1480932
11773|15132192
1416|12311063
1434|2992154
13264|1478795
13984|9500681
13074|15791114
13263|1506706
13985|1490440
14345|7568824
1600|6029821
1642|6660307
1670|6012162
9449|1814202
1673|9008100
1694|10366603
1765|1498576
3769|2771651
1789|9558051
14103|10372648
1801|2662200
10410|1427813
1802|10351759
13986|1481452
11927|1428383
1931|6666653
13266|1458424
1932|2653243
4793|1493796
12384|9503559
12951|1466614
7462|6371071
2046|9503544
2097|6381645
12084|1640995
2107|6435106
13987|9494801
2121|7601622
13044|1424276
2124|15811771
2174|15083529
13045|7593355
2202|7591878
14214|9543758
2582|2994978
2606|3578207
13818|1790228
2609|2995260
2624|9001095
14346|15768352
13046|7607474
14449|10371822
2208|12410361
2792|6257322
2806|6661929
13988|15447387
2844|1491895
2223|1484250
2857|9117258
2862|6653049
14591|10328462
4152|9512991
12891|7598615
2889|6665959
2279|9003100
11843|15390149
2940|15095460
2954|8985895
2983|1824528
14450|10356564
2340|8986192
14347|7625144
3931|1433351
14348|15775041
13271|1433535
12993|1505649
3064|15435952
3071|9737953
3101|5708073
3103|1491086
13047|7574901
12498|1558185
13669|10328736
14215|9527024
3146|6258469
3151|7598617
3154|870021
13081|5602387
12018|3296820
12087|1493803
3188|377395
12994|1786618
3215|9694989
2460|7572894
12960|1610480
3259|6257339
11224|9503594
3266|6258446
14451|10362219
1192|1501116
3319|1489057
3371|15421782
10124|6636751
12079|1331196
14349|15762169
3419|15812474
3426|10384510
3534|7851820
12894|6381624
13617|1823830
3548|1805363
3557|9209154
12817|7607446
3564|2334166
2534|6524552
3123|3207236
12085|9503529
14350|15762763
13584|9559531
3619|6264729
7140|458089
13082|15788120
3645|5853306
3661|4266830
3702|12307420
11700|1216285
3705|15112567
13105|15432238
3778|9187776
13083|15818629
12968|7607446
3804|1506390
3827|9012902
3844|2282455
3850|1635038
3870|15252283
12385|8992961
13618|1473416
1933|392501
3937|6257336
3943|2261850
3956|15431157
14105|9494763
3981|3287205
13085|15808213
13108|15416970
11895|15429459
12082|15131498
4014|14715087
12298|9116420
14106|10328756
14388|1762330
12499|16747319
13273|1792439
4151|6234769
7226|9558532
12863|3363273
4176|1576480
4191|6360951
4198|12806131
4231|11105868
4238|11091883
14389|1818614
4274|15817287
5186|9118286
4354|9247529
10291|6391870
10568|12417939
4414|1433973
11122|12328444
4437|11103217
10583|12356231
13109|10346533
4476|6637763
14107|9530937
4524|12031911
13275|1498459
4600|6653433
4601|7604582
4615|1493025
13439|3678409
13489|10401718
13110|15432661
14390|1783222
13111|15430734
4742|9118299
4762|8089078
13276|1763502
14108|10324900
12113|6391887
4829|7482968
4842|10339693
13992|1843057
13281|1844438
13125|1652912
11079|1502239
14354|15417742
13993|1761757
14109|1434545
10643|6380579
5085|8985483
12996|9494940
14355|15462469
10693|15115895
5113|6663450
5115|9726990
13820|6651645
14452|9557527
5154|12327442
12791|1433354
5185|9205392
5188|3391794
5227|12306355
12998|1457704
14357|15432215
11850|15462101
14217|15768290
5252|6646320
12092|1642854
13284|15773015
13446|1493176
5316|9503545
5331|9739084
13127|15387757
6029|3130186
6318|3905787
5372|9206026
5383|12417849
5395|1785630
5401|10135112
5407|1433486
5421|1444327
5433|9505626
5435|9547875
12999|1819331
5507|1253551
5547|9243794
13128|1504451
14592|6257744
13000|6358912
14358|15398930
14359|7594035
5657|9235961
1820|1447582
5715|9228039
923|10530091
13098|9502910
5748|533561
5752|532628
12946|12307531
5760|518836
5762|537009
13286|15454407
5768|9230298
13001|15398548
14360|15464790
12902|1456438
13288|15462814
12873|10364476
13289|9557517
5809|9215037
12830|15397661
14147|1466110
14361|15783623
5916|6257277
5917|9224530
13619|1489748
3751|1502631
10656|9503555
14114|1482191
5942|9241193
13996|9527046
13587|1438315
13588|9494944
14218|1505275
6033|6643536
12025|3276965
12952|15789624
6052|3116143
12953|1442785
6068|3109258
14115|15815938
13997|15434165
13822|1468366
6098|3109255
13134|7602334
6105|3116155
13998|1471908
13823|10401668
13296|1497451
13122|1475118
6181|3138303
13006|6668907
13297|1475827
12956|1483733
12909|7568805
12910|6653591
6264|4143225
12679|1437742
13999|9502279
2545|6257713
2452|6355692
6320|15797087
11188|12327907
11900|3402812
11854|15454620
14000|9527996
6369|1437539
13009|1793897
12801|9006018
8167|6257436
11641|9116540
13394|10353261
14116|1434648
14593|15791189
6441|1494469
12469|7584402
11855|15122714
13300|1825906
10512|6308580
7432|6347233
13396|10329485
13308|10343312
11782|15114360
13491|6661843
13139|7600835
12806|9014008
13398|10375981
7268|3399740
12507|1448397
12882|10399338
12185|7495224
6661|7681939
13305|11930043
13012|15390077
13142|12332661
13306|8980699
14002|1491223
2540|6374528
14363|15769612
6735|4310180
6738|6400895
6755|6586325
6783|6380571
12105|1513691
14140|1496862
13310|15523595
1544|7599226
13311|1428767
13400|10366636
12107|3427545
14118|9554185
12810|9240711
101|4226439
14219|1432788
13013|15810410
6950|753583
6952|624025
14453|6358907
14594|1424809
14364|1475603
7069|15459127
11598|1444794
7080|1484234
7087|9543919
7102|8414022
14148|1844070
12846|9517450
12847|9503554
14119|1457889
13826|15388644
13827|9560035
7121|605026
7130|560047
12918|1474351
7144|605826
7146|660498
13315|9320571
11862|9545932
13151|7608913
13015|7600120
7188|504822
12313|3876650
14558|1474331
12511|1524214
11922|6259002
14365|1460164
7279|10361391
12196|1623081
2710|4409239
7316|1489239
14595|15768312
12921|1496741
12032|9352494
14454|10403043
11440|4287890
7339|1500096
14455|1454228
7343|528135
7345|9230908
13404|524417
14919|1450538
7369|2773066
13405|15436411
14597|10324099
7389|9494775
13155|7575633
14120|1447080
14141|1454727
7421|15583095
11509|1607383
7426|6641010
13157|1557433
10486|12307466
13321|10362971
7470|9558015
14920|1427377
13018|9502907
7510|6524805
13017|1501728
7528|1448381
7531|1490552
13829|1762764
7533|2806538
13159|7592560
12479|9548594
13830|1486325
14456|10396858
14921|1440089
10890|12327950
12923|3260974
13022|7599348
13324|10343384
14368|1815686
13161|15808248
13831|15775083
7661|1428337
14008|9549182
13622|9498184
8627|6656949
10437|1644326
14369|1781467
7696|12332560
7698|15846962
11335|9118262
5722|9193461
7721|12356238
7722|10346828
13409|10379713
7777|894814
7613|15799716
13163|15788161
7787|1442110
10296|9008234
13832|6652579
9219|1484433
7805|3381831
10424|12311111
13301|10341683
12328|9545264
14010|1845094
14370|1790557
7842|9014140
10716|6257721
13027|7594857
12482|1426593
13167|1433946
9139|8986367
13330|10369262
14121|1442099
14560|1447754
13169|9503556
13170|15797786
12212|1603599
8033|12311112
13171|10338395
13833|1491873
8044|4234500
9918|6676693
77229|1440136
8098|7628398
14011|1451066
10936|12327953
14122|1456935
13495|9559535
14012|10386985
13334|10388941
13174|1634981
13335|10332649
12124|3612574
14371|1825215
9489|8989871
14773|9503622
10404|1450346
14013|8549810
8294|3679146
13338|6380614
8843|4974311
13051|15414353
8326|6642835
13339|10324267
13340|10377092
13179|10373407
8431|1436303
10955|6258493
13341|10362894
14124|9504252
11308|6359373
14372|1791293
13625|10360713
13835|1481701
13057|15790414
14014|10390339
13058|7570140
13059|15794780
12219|1809817
14373|1484426
13417|3846904
8469|10315004
13346|10403727
13591|1489774
10446|1501758
14125|9504255
8500|6314543
14015|10395682
1499|9001928
13352|6518597
12403|9515997
14221|1467584
14561|1480952
14142|1426968
13836|10338477
13065|1817486
13354|1451075
13347|9008269
13676|15770278
14017|10331600
8602|5422102
13592|1460722
13626|9558559
13355|6671551
14150|9529304
13189|3863049
13424|9556450
9959|6654225
6570|9395229
8783|8982030
13192|9503558
13629|9559058
13359|1458456
12037|3287474
12698|1577494
13194|1498503
14021|9502243
13677|9512965
13196|9002508
13361|15781475
8796|9646037
13198|9558526
13630|9494137
6039|9225202
8831|491264
14023|10365132
14374|1817157
13200|15460956
13678|1427887
13838|15418801
14126|9504240
14024|10341001
8881|9118309
13839|1493155
14375|7585109
9540|6656573
14025|10362214
8897|6644124
13841|10404551
14376|7597148
12553|9549820
14026|10352148
14027|10330256
9556|9549193
9792|6677573
9388|9010488
8957|10567175
13842|9503543
14028|10324234
13843|1507016
14029|9545327
14127|9504242
13211|1492538
14030|9529341
14031|10367745
11954|8524049
13214|12311049
14611|1458472
8997|12327895
13215|9549248
14032|10402339
14033|1450558
13217|1459949
13219|1426238
13220|1441574
12558|9503592
6099|10357328
14152|7600853
13221|1444782
9188|1504061
13374|5050742
14562|8550539
9041|4958827
13844|7570144
77033|9503534
14035|10375971
13225|1491712
11936|3409391
14380|7593388
11937|15125438
13845|10332572
13381|1789824
9073|7603095
14036|10397168
13382|9229556
13461|9237046
13383|12822002
13376|1557858
14381|1493685
9767|1440786
9900|6656491
13432|9556987
9106|8987145
13232|1446393
9108|15800123
13377|10325711
13847|1441579
13848|1450568
14037|10353692
9116|9012418
14038|10388071
13235|1488553
9122|8990169
12426|10367750
14382|1479529
9129|9118303
13237|15782149
13238|15782238
13239|7624567
14384|1498948
13240|7606071
77036|15796284
13241|7617141
12259|9549185
9143|8985406
12712|9009505
9153|7632193
13849|1501635
11419|1638044
3537|12356269
12260|9549252
12252|9497492
9168|9549265
12158|3877330
9175|9002196
77038|15431486
11072|6009842
14563|9558050
13385|1487246
13632|9496687
14386|1844769
14387|1844567
14143|1449116
13386|2835452
13245|1816013
13681|10335283
9212|9006680
13247|1434694
13388|10361831
13633|9560946
14039|9527953
13435|8985180
13503|1459970
14394|1504092
13850|8604548
12440|10402295
12441|7610252
14395|1478559
9242|9560016
14129|9504243
14396|1453992
11547|1652095
14353|1481469
2833|1459928
14564|9557474
14040|9527201
13463|7608169
13851|9520324
13464|1429280
13253|1446866
11646|14893747
9271|9010939
13254|1425166
13255|1467349
9280|8986960
9282|9008958
14557|9503496
14041|9527784
12063|6257355
13465|9010764
9297|9726338
11165|12332662
9693|6654849
13467|1475091
4106|9503619
13468|1466620
13469|7588162
13685|9542543
14042|9543267
13472|9527799
12065|3372563
9321|1499118
12066|9116551
13473|9496228
13634|9560952
13598|1430839
13477|7596340
13478|7592599
77039|10386640
12579|1618210
13600|1466833
13481|1433926
14154|9500212
14397|15334003
9369|9001134
14132|9519584
10491|12307479
14046|9513681
13855|15816577
12721|4883386
14398|1466087
13602|1512033
9384|6380584
13510|1497897
13856|9502912
13603|1502715
9389|8988847
13604|10367783
13635|9558521
12592|9494316
13636|9560501
14019|9502937
13518|1449847
14047|4266539
14134|9555859
11178|12327417
13521|1438836
11179|12327444
14048|4217814
14399|9543100
8221|16728778
11986|1616648
13524|1427867
13525|1503145
14155|1451272
13527|1472831
14400|1497904
13605|9529319
10071|6644403
9434|5537906
14145|1446391
14050|15781435
14458|15432215
14156|1457935
14052|1588667
14401|1425845
14158|15812473
13538|1433521
13539|1426177
13540|1424830
14055|1506035
13542|1453256
14056|1484230
13545|1560422
13546|1492394
13547|1495658
10137|6670205
14057|1560091
13549|1843294
8464|1630619
13551|1492404
9127|8993423
8134|10567785
13552|1450366
14459|15451405
9512|10964785
9514|6638937
14225|1761870
13555|1501229
13556|1578403
13557|1487230
14402|1427898
14565|7613014
14566|7611677
9202|9008954
14138|9518086
13861|9498661
12750|7606729
13561|1481670
11834|3322621
12069|6640850
9551|6677182
13643|1444311
13564|1491872
14060|1512752
13862|1488575
14061|1525514
1074|11966945
11837|1434529
13863|9559520
13864|12327891
9575|6646284
13693|10361434
9706|6659365
12755|1491733
9579|6652691
12756|1502133
12757|9542533
14146|1480245
9583|6664957
9707|8992938
14160|9544444
14062|1543657
9590|15125439
14063|1499609
9592|6655489
13868|1458632
9594|6668001
9595|6650357
9597|6671249
14064|1576481
9599|6673821
12763|15442552
9601|6656240
9603|6671997
13869|1500157
13870|1460143
13576|1464454
13871|15788913
9610|1638989
14404|1447583
14162|9515951
13873|1451988
14567|9499379
13613|1503134
13696|9519572
13697|9519753
13875|1428768
9622|8986295
14066|1487919
13646|1484239
13647|8443649
9628|8985232
11240|15435959
13648|15816644
13649|1440255
13876|10399590
13650|1438852
14067|1502625
14068|1498964
13653|2714887
13654|4226928
9649|9004066
4166|2165928
10686|6656744
14069|1431914
14070|1429281
13657|15791856
14071|1431247
9658|6662566
13879|1504950
14072|1430722
13661|9497329
13662|15780032
13663|1503658
13664|1428329
14406|1763371
14163|9514431
14074|1450354
14075|1490439
13883|1513888
14568|3823487
13884|1545488
10725|6257630
14164|9504200
14165|9515183
10870|12332589
14166|1454178
14076|1493794
14077|1493686
14078|1489909
9802|6673454
10650|6410842
13707|8592592
14167|1429319
14226|1430702
14227|1793161
14228|1819333
13886|1428333
14081|1460137
14082|1504014
14169|1587762
6716|6671336
13715|10326866
13716|6025298
13887|1578402
11430|9517345
13718|9503535
13719|9524896
14170|7486948
14407|1456418
14599|15780766
11866|15113241
13724|1428263
13891|1511864
14172|1478055
13727|1428259
13728|9537617
13729|9543929
13731|1447613
13732|9501591
13733|9501376
13735|9502066
13736|15823740
13737|9500905
13738|9534537
14085|1444307
14408|1489243
13742|9543241
14462|15398905
14087|1454223
14352|1425487
13746|9530823
13747|9503468
14088|1428276
13896|1469602
10698|15127869
13750|10356953
14089|1479498
13897|1437072
14090|1505296
13898|1502728
13755|1525887
3704|15125279
10701|6380503
13756|1512486
14091|1495689
14230|1451807
13757|1588930
13758|1438331
13759|10330491
13762|1589506
14231|1436339
13764|1501634
14176|1823832
14093|1475599
14094|1426197
13768|1478022
13769|1496842
14177|1465843
14178|1494416
13772|1489773
13902|1491881
13775|1427423
14095|1454013
13778|1489765
14909|1506085
11392|10526245
13780|1463155
14179|9547936
14096|1477106
13783|1503549
13784|1431798
3405|2727968
14232|1504857
10798|6358845
13786|1437559
13787|1822423
13788|1812325
13903|1778803
13904|1761771
14097|1454933
13792|9542396
13793|1468117
13794|3848991
13795|1456969
13796|1474334
13797|1475069
13905|1779459
13799|1818613
13800|1495537
13801|1483729
13802|1448393
13803|1459208
13804|1488402
13805|1425846
13806|1482188
14180|8998683
14600|1426176
14099|1505664
14234|1764845
14102|9556417
13811|1437698
14181|1476540
13813|1765249
14182|1498592
13815|1789501
13906|1785954
13907|1785319
14183|1485842
14184|1467365
14411|1480216
14186|1588493
14187|1440896
13913|1821719
14412|1487026
13915|1843461
13916|1482927
14189|1490445
13917|1503161
13918|1453472
13919|1426218
13920|1424823
3185|367832
13921|1496147
14190|1474913
13923|1473599
14413|1476557
13926|6531598
14414|7582887
13928|1820771
13929|1763053
13930|1576852
924|8999164
14193|6645702
14194|6391969
14195|6379964
13934|1817144
14197|6401610
9109|10543996
13937|6582364
13938|6522563
13939|6564257
13941|6545944
14198|12329649
13943|9503686
14199|1441608
14200|1475850
13946|1493052
13947|1435852
13948|1468099
13949|1473628
13950|1493847
13951|1439642
13954|1764069
14417|9543749
14204|1454196
13959|1460187
13960|1786238
14207|1456398
12134|3870738
14208|1496114
13965|10324268
13967|10381166
13968|10400709
13969|10369568
14209|1576851
13964|10344435
13966|10336136
14210|1589349
12229|12487151
11524|9367382
13973|10331307
13974|10353189
14211|1784928
13976|10395990
13977|1429692
13978|10353265
13979|10341361
14235|9556418
14236|12356378
14237|9545132
14238|1790964
14239|1506718
14240|1485640
14241|1452015
14242|1504035
77183|1781162
14569|9557526
14246|9544645
14247|9556960
14248|9515930
14249|7592562
14250|1510805
14251|1450565
14252|9536168
14253|1784929
14254|1475634
77184|15767023
14256|7591947
14257|1432958
14258|9517334
14422|1444972
14423|1467348
14261|1440271
14262|6666653
14424|1442908
14425|1466081
14604|1559356
14605|1427431
14428|1778508
14269|1430824
14270|1429244
14271|1456399
14272|1812732
14429|1461691
14274|8528369
14275|8548569
14276|9543274
14468|1424829
14278|9543962
14279|9544652
14280|9545123
14281|9545334
14282|7585947
14283|7580680
14284|7569495
14285|7574943
14286|9528576
14606|1441445
14288|9528673
14289|9529344
14291|8551478
14431|10364398
14293|9530185
14294|9529432
11162|12310961
14295|9542359
14296|9515046
14297|1822098
14298|7572226
14300|8604073
14301|1787668
14302|7605318
14433|15767080
12390|3836440
14304|1459969
14305|1429243
14306|1474168
14308|1558937
14309|1492410
14311|1489779
14312|1475649
14435|1765015
14315|8546273
14316|8552289
14317|8586256
14318|8579880
14319|9543063
14608|1475068
14321|7572879
14322|7623398
66001|9546479
14324|7579282
14326|1493013
14327|15765297
14328|15824979
14329|7606714
14330|10323472
14331|7606053
14332|7611677
66002|9545793
14334|8535768
14335|8522463
14336|15811783
14337|8524842
66003|9546680
14339|15788197
14340|7612386
14341|7577741
66004|9547151
14343|15778499
14437|1456388
14438|1452002
66005|9548010
14440|10369284
66006|9547346
66008|8526461
14443|1820772
14613|1577134
14584|15796284
14609|1489898
14610|1504487
14910|9502891
77006|9518838
14614|1559686
14911|1819656
14570|15774442
77012|1666183
14615|1511040
14775|9502890
77017|3936101
77018|3935959
14616|1512936
14571|10330518
14617|1525231
14618|1543984
14573|1817156
77028|4155460
14444|15389400
14619|1589102
14446|6676460
14447|15458908
14620|1460680
66009|8551477
66010|8555726
66011|8589084
66012|8585101
66013|8603621
66014|7571538
66015|7578541
66016|7605317
14471|7612381
14472|1824907
14473|1818611
66007|9547805
14574|15770944
14622|1477325
14623|1485858
77047|1498018
14575|1771447
66017|1793502
66018|1844903
77050|1450558
14624|1500192
14625|1762585
14576|9528756
14577|7609595
14578|10351789
77056|6380615
77057|6651977
77058|6649158
77059|6380617
14477|7608890
14478|1429806
14479|8542103
77170|9526481
14628|1817485
14482|8529182
77060|9117263
14629|1845396
14484|6383512
77065|9526273
77066|6380504
77067|8995521
14585|1504087
14655|10327029
77070|6380489
14485|1845496
77071|1823516
60019|1498946
14487|1453487
77074|1466096
14488|1504892
14489|1489764
14491|1476370
14492|1441430
77077|1435135
14912|10363335
77080|1495083
14631|1465844
14632|1483512
14494|1428816
14496|1453979
14633|1433353
77083|1425806
14580|1782839
14634|1448886
14498|1788059
14635|1424546
14581|8522851
77091|1433352
77092|1428379
14636|1468853
14499|1474142
14500|1482391
14501|1451773
14502|8558792
14587|9531575
14637|10365495
14583|7607490
14589|15452486
77101|1788778
77102|1762241
77103|6675106
14778|9533955
77105|6590771
77176|1781471
14503|1429335
14504|1454715
14505|1506722
14506|1502238
14507|1483530
14508|1458660
14509|1451992
14638|9546549
77187|1845671
77113|15788076
77114|15812386
77115|1785631
77116|1472111
14510|15824942
14641|1434509
14511|1483697
14513|10333800
14514|10354700
14779|9534542
14646|9116513
14649|1816752
77130|10325283
77131|7579930
77132|7560050
77133|15762774
77134|15779960
14515|15813108
14516|15823151
14517|10354390
14650|1816017
14520|10394149
77142|8591112
66021|7588169
77144|9500170
77146|10358852
77147|10324374
14651|9502110
14652|10369613
14653|9499498
14522|8599557
77150|9534653
14524|8557481
14525|8542970
14530|9516681
14531|9515921
14532|9517352
14913|10354731
14656|15762208
14528|9515832
14529|9516584
14657|1491904
77162|9495540
77154|1493203
14533|9509821
14535|9508584
14537|1783531
14538|1454713
14539|9510557
14540|9509318
14659|1505709
14660|9552337
14541|7576369
14542|8550796
14543|9526987
14544|8584858
14545|9527244
14547|8534508
66020|8547587
77168|9518864
14661|1484945
14550|9527747
14662|1823519
14554|7582151
14555|7570850
77191|9527913
14664|1430317
14665|1450345
14666|7624591
14670|1499093
14667|15388622
14668|7584443
14671|1499116
77194|7573583
14672|6359407
14673|7573637
14674|1457151
14677|9496725
14678|8993740
14680|1818219
14681|8986367
14685|1435882
14686|1818935
14687|1468124
14688|15388950
14689|1503108
14690|1491244
14691|1486347
14692|1452529
14693|1789499
14694|10368140
14695|1428747
77195|9547957
77196|9547848
77197|1499635
14696|1472853
14697|9548526
14914|1497338
14710|9538166
14702|9492350
14705|9491748
14706|1788779
14707|9538884
14708|9495424
14709|9536939
77198|9537658
14711|9493661
14712|9530081
14714|1498018
14715|10396308
14716|1493203
14717|1447754
14718|1435135
14719|7611677
14721|1436492
14722|1469604
14724|1500734
14725|1762327
14726|9538379
14727|9539101
14728|9529449
14729|9530202
14730|9527926
14732|9532335
14733|9532436
14734|9533095
14735|9530093
14736|9529445
14737|1818215
14738|1787665
14739|1482219
14740|1822419
14741|1440251
14742|1846119
77199|9531585
14744|15435216
14746|10358852
14747|9518864
14748|9524926
14749|1511040
14750|1781174
14751|1771447
14752|1559356
14753|15779960
14754|9557526
14755|1426196
14915|8581342
14757|7607490
77200|8542970
77201|9543267
14758|9504239
14760|9526428
14762|9525669
14763|9525520
14764|9524917
14765|9504224
14766|9503625
14767|9503624
14768|9503623
14769|9548537
14771|9549244
14772|9549847
14780|9534693
14781|9535284
14782|9535436
14783|9545260
14784|9502889
14785|9545879
14787|9547272
14788|9547221
25010|9503530
25011|1487703
25012|9496832
25013|1430326
25014|9496186
25015|9543780
25016|1461428
25017|6401624
25018|8531881
25001|1435697
25002|15417273
25003|1503583
25004|1439443
25005|9514294
25006|10402839
25007|8604921
25008|1467591
25009|7598605
14789|10328491
14790|10325453
14791|1505726
14792|10340687
14793|10373013
14794|10327391
14795|10330446
14796|10338098
14797|10333807
14798|10396589
14799|15452063
14800|9532316
14801|9536020
14802|15431463
14803|15811720
999999986|15815962
14804|10334988
14805|10359584
14916|9502894
14807|10393550
14808|10389340
14810|15778520
14811|10392600
77202|15398312
77203|10396557
14812|10400658
14314|10323786
14814|9521237
14815|10390262
14816|1449103
14817|10341011
14818|10370014
14819|10334116
14820|10400872
14821|10378492
14822|10376354
77204|10330276
77205|10334363
14823|10323981
14824|15777873
14825|15811153
77207|15768954
14827|15782885
14828|15767709
14830|1493037
14831|1468146
14832|1455494
14833|1435744
14834|1502640
77208|1465189
14835|1474128
14836|1449648
14837|1456918
14838|1442735
14839|1436489
77209|1427477
14840|1440937
14841|1429288
77210|1430229
14842|1440937
14843|1459185
14844|1460168
77211|1459392
72112|1483717
14848|1444325
77213|1473598
14849|1497476
77214|1426236
14850|1444780
14851|1435881
14852|1426163
14853|1489274
14855|1469119
14845|1464688
14856|1432944
14857|1454964
14860|1473623
14861|1436304
14862|1442275
14863|1448411
14864|1466111
14865|1459971
14866|1503609
14867|1449811
14868|1466060
14869|1476381
77215|1429282
14870|1433507
14871|1762327
14873|1434086
14874|1448923
14846|1459210
14875|1429236
14876|1441441
14878|1471879
14879|1449660
77216|1447756
77217|1481686
77218|1498992
77219|1466641
77220|1483558
77221|1504047
77222|1474164
77223|1429739
77224|1506415
77225|1471880
14881|1494313
14882|1428297
14883|1457706
14884|1460138
14885|1459393
77226|1491746
77227|1460896
14886|1434048
14887|1447585
14888|1481650
14889|1489102
14890|1468317
14891|1454913
14892|1435847
14893|1494303
14894|1492534
14895|1473616
14896|1466812
14897|1499066
14898|1449083
14899|1429780
14900|1440909
14901|1446911
14902|1494418
14903|1455702
14904|1429202
14905|1427046
14906|1443410
14907|1459439
14590|10344040
14212|9504250
8|12810192
17|1456923
18|9825962
13256|15784420
32|6512516
34|12803892
45|9014106
46|3131404
47|15461970
50|7046376
10374|8997571
66|15433742
71|12826421
81|5547268
95|9529471
13257|9558041
13980|1587576
12595|9494149
110|6361940
114|10375624
115|8413814
120|1497337
10933|12199428
125|12810942
128|12816347
14917|9502888
133|9555365
134|12810826
142|3932788
12383|1503160
154|12809871
157|300025
170|9010414
14213|9546606
191|12818816
10219|6391900
213|7653460
233|12823518
2097|6381645
10405|9496047
260|10220100
261|1448368
265|12817887
280|1475800
286|9536903
288|1625549
303|12819515
13580|1465401
309|12813177
345|12806131
346|12806131
355|6410251
362|12809703
363|1507038
364|12806131
13258|1430306
13981|9559550
2617|4704850
388|7603092
396|3419152
398|12814516
402|12807377
407|12808560
471|1440288
13816|1506064
538|6672142
571|1426553
626|12022767
639|1472616
13125|1652912
864|1444112
12357|6259045
13259|1425465
936|15449848
9649|9004066
14103|10372648
2710|4409239
101|4226439
1060|7661601
13982|1432302
1085|16117378
14344|15772304
12016|15398236
1202|868195
13983|1462177
9753|6675416
1231|1434555
1257|5546403
14918|9507635
14345|7568824
1271|10534549
1272|6391915
1281|15464353
1288|7597853
1298|842992
1335|5554967
1363|1480932
1416|12311063
1434|2992154
13073|6360432
14908|1482894
14558|1474331
13436|15810360
13127|15387757
13984|9500681
14346|15768352
11912|15425516
1600|6029821
11773|15132192
1670|6012162
1673|9008100
13262|7587410
13985|1490440
13074|15791114
1765|1498576
1789|9558051
1802|10351759
1801|2662200
13264|1478795
10410|1427813
12934|9503542
1931|6666653
1932|2653243
13818|1790228
3769|2771651
12298|9116420
12935|6670040
2046|9503544
13263|1506706
2107|6435106
2121|7601622
2124|15811771
2174|15083529
13986|1481452
13128|1504451
2202|7591878
12384|9503559
12951|1466614
7462|6371071
2279|9003100
2340|8986192
12084|1640995
13266|1458424
13987|9494801
4793|1493796
14214|9543758
2460|7572894
14347|7625144
2534|6524552
12891|7598615
13988|15447387
2582|2994978
2606|3578207
13617|1823830
2609|2995260
2624|9001095
14591|10328462
14348|15775041
14449|10371822
12385|8992961
385|1643233
2792|6257322
2806|6661929
13271|1433535
2844|1491895
14349|15762169
2857|9117258
2862|6653049
13273|1792439
4152|9512991
13669|10328736
2889|6665959
11224|9503594
11843|15390149
2940|15095460
2954|8985895
2983|1824528
14450|10356564
12894|6381624
11122|12328444
3931|1433351
14350|15762763
13081|5602387
12993|1505649
3064|15435952
3071|9737953
3101|5708073
3103|1491086
1192|1501116
12960|1610480
12817|7607446
13082|15788120
3146|6258469
3151|7598617
3154|870021
13083|15818629
12018|3296820
12087|1493803
3188|377395
12994|1786618
3215|9694989
12940|1472864
3259|6257339
13584|9559531
3266|6258446
13275|1498459
13085|15808213
3319|1489057
3371|15421782
13134|7602334
12079|1331196
14364|1475603
3419|15812474
3426|10384510
3534|7851820
13276|1763502
1933|392501
3548|1805363
3557|9209154
14105|9494763
3564|2334166
14365|1460164
3123|3207236
12085|9503529
10693|15115895
14106|10328756
3619|6264729
7140|458089
12961|9503533
3645|5853306
3661|4266830
3702|12307420
11700|1216285
3705|15112567
12863|3363273
3778|9187776
14451|10362219
3801|5602387
3804|1506390
3827|9012902
3844|2282455
3850|1635038
3870|15252283
13439|3678409
12498|1558185
12499|16747319
3937|6257336
3943|2261850
12113|6391887
3956|15431157
13281|1844438
3981|3287205
14107|9530937
13139|7600835
11895|15429459
12082|15131498
4014|14715087
13992|1843057
13993|1761757
13284|15773015
11509|1607383
13489|10401718
4151|6234769
7226|9558532
4176|1576480
4191|6360951
4198|12806131
4231|11105868
4238|11091883
13446|1493176
4274|15817287
5186|9118286
4354|9247529
10291|6391870
10568|12417939
4414|1433973
1820|1447582
4437|11103217
10583|12356231
13286|15454407
4476|6637763
12791|1433354
4524|12031911
12313|3876650
13142|12332661
4600|6653433
4601|7604582
4615|1493025
14108|10324900
12996|9494940
14354|15417742
14355|15462469
13288|15462814
4742|9118299
4762|8089078
12792|1473390
13289|9557517
4829|7482968
4842|10339693
14109|1434545
2540|6374528
14452|9557527
11079|1502239
14453|6358907
14358|15398930
12964|1426016
12869|15447780
10643|6380579
5085|8985483
12965|9494940
13618|1473416
14215|9527024
12946|12307531
5113|6663450
5115|9726990
13820|6651645
14147|1466110
5154|12327442
14359|7594035
5185|9205392
5188|3391794
6318|3905787
5227|12306355
13098|9502910
14360|15464790
11850|15462101
12902|1456438
5252|6646320
12092|1642854
12948|9503595
13619|1489748
5316|9503545
5331|9739084
12949|9559025
6029|3130186
923|10530091
5372|9206026
5383|12417849
5395|1785630
5401|10135112
5407|1433486
5421|1444327
5433|9505626
5435|9547875
13996|9527046
5507|1253551
5547|9243794
14454|10403043
14592|6257744
12950|1819331
14217|15768290
12998|1457704
5657|9235961
14361|15783623
5715|9228039
12873|10364476
12999|1819331
5748|533561
5752|532628
12830|15397661
5760|518836
5762|537009
11918|15458909
5768|9230298
13296|1497451
13822|1468366
12952|15789624
12953|1442785
13297|1475827
13997|15434165
12679|1437742
5809|9215037
13823|10401668
13394|10353261
13587|1438315
5916|6257277
5917|9224530
12469|7584402
3751|1502631
14114|1482191
12955|15817287
5942|9241193
12956|1483733
13300|1825906
13588|9494944
9449|1814202
6033|6643536
12025|3276965
10124|6636751
6052|3116143
6068|3109258
2452|6355692
13998|1471908
14455|1454228
6098|3109255
12968|7607446
6105|3116155
13308|10343312
13000|6358912
12801|9006018
13151|7608913
6181|3138303
13001|15398548
7432|6347233
12909|7568805
12910|6653591
13105|15432238
13396|10329485
6264|4143225
14115|15815938
2545|6257713
14363|15769612
13491|6661843
6320|15797087
11188|12327907
11900|3402812
11854|15454620
13108|15416970
6369|1437539
13999|9502279
12882|10399338
14148|1844070
14116|1434648
12806|9014008
1544|7599226
13109|10346533
14456|10396858
6441|1494469
12507|1448397
11855|15122714
13398|10375981
13006|6668907
10656|9503555
13305|11930043
13110|15432661
11782|15114360
13155|7575633
13111|15430734
13306|8980699
12105|1513691
7268|3399740
12185|7495224
14140|1496862
14000|9527996
6661|7681939
12810|9240711
13009|1793897
8167|6257436
13310|15523595
13400|10366636
14919|1450538
13311|1428767
6735|4310180
14218|1505275
6755|6586325
6783|6380571
12107|3427545
14593|15791189
12479|9548594
12846|9517450
14594|1424809
12511|1524214
12847|9503554
10512|6308580
13826|15388644
14118|9554185
13315|9320571
13012|15390077
6950|753583
6952|624025
11598|1444794
14368|1815686
7069|15459127
12918|1474351
7080|1484234
7087|9543919
13827|9560035
7102|8414022
14002|1491223
11862|9545932
12921|1496741
12196|1623081
13013|15810410
7121|605026
7130|560047
11922|6259002
7144|605826
7146|660498
13404|524417
13157|1557433
14595|15768312
14597|10324099
7188|504822
2208|12410361
12923|3260974
13405|15436411
12032|9352494
14369|1781467
14370|1790557
7279|10361391
13122|1475118
14119|1457889
7316|1489239
11440|4287890
6738|6400895
14219|1432788
11641|9116540
14120|1447080
7339|1500096
10296|9008234
7343|528135
7345|9230908
13321|10362971
14920|1427377
7369|2773066
13159|7592560
10890|12327950
7389|9494775
14141|1454727
13324|10343384
13161|15808248
7421|15583095
14371|1825215
7426|6641010
13829|1762764
10486|12307466
13163|15788161
7470|9558015
14921|1440089
12328|9545264
7510|6524805
10437|1644326
7528|1448381
7531|1490552
13622|9498184
7533|2806538
13830|1486325
13409|10379713
14008|9549182
13167|1433946
14560|1447754
14561|1480952
12927|6358912
13831|15775083
13015|7600120
11335|9118262
10424|12311111
13169|9503556
7661|1428337
14562|8550539
10716|6257721
12929|9503592
14773|9503622
13170|15797786
7696|12332560
7698|15846962
7613|15799716
13832|6652579
7721|12356238
7722|10346828
14352|1425487
7777|894814
13171|10338395
12482|1426593
7787|1442110
14121|1442099
13301|10341683
13018|9502907
7805|3381831
13017|1501728
13174|1634981
13022|7599348
13330|10369262
9219|1484433
14372|1791293
7842|9014140
14122|1456935
77229|1440136
13833|1491873
12212|1603599
8627|6656949
9139|8986367
12124|3612574
5722|9193461
14010|1845094
13591|1489774
13495|9559535
9918|6676693
8033|12311112
12485|1425457
13334|10388941
8044|4234500
13027|7594857
13179|10373407
8098|7628398
14011|1451066
10936|12327953
13335|10332649
14373|1484426
11547|1652095
13835|1481701
14012|10386985
13338|6380614
12037|3287474
14013|8549810
8843|4974311
9489|8989871
6570|9395229
10404|1450346
10955|6258493
8294|3679146
14374|1817157
13339|10324267
14375|7585109
8326|6642835
12346|5601301
13340|10377092
1499|9001928
8431|1436303
13341|10362894
11308|6359373
13592|1460722
10446|1501758
12403|9515997
14124|9504252
13625|10360713
14014|10390339
13417|3846904
12219|1809817
2223|1484250
14125|9504255
13040|7603052
13041|7610227
8469|10315004
13346|10403727
8783|8982030
13189|3863049
14015|10395682
8500|6314543
376|9500735
13042|15387586
13676|15770278
13626|9558559
14142|1426968
14563|9558050
14017|10331600
13352|6518597
13836|10338477
13192|9503558
13043|7601623
9540|6656573
9959|6654225
8602|5422102
11927|1428383
13044|1424276
12698|1577494
13045|7593355
13046|7607474
13047|7574901
13354|1451075
13347|9008269
14376|7597148
14221|1467584
13194|1498503
77032|15781435
13051|15414353
14150|9529304
14021|9502243
13424|9556450
13838|15418801
13196|9002508
13355|6671551
14023|10365132
8796|9646037
13839|1493155
12553|9549820
13629|9559058
8831|491264
13359|1458456
13677|9512965
13361|15781475
13057|15790414
13058|7570140
13059|15794780
77033|9503534
8881|9118309
13630|9494137
13198|9558526
9767|1440786
13678|1427887
8897|6644124
14024|10341001
14126|9504240
6039|9225202
13841|10404551
14025|10362214
13065|1817486
12558|9503592
9792|6677573
14026|10352148
8957|10567175
13200|15460956
14027|10330256
13842|9503543
13843|1507016
14564|9557474
14028|10324234
14127|9504242
9188|1504061
14380|7593388
14029|9545327
14381|1493685
8997|12327895
14030|9529341
9556|9549193
11936|3409391
9388|9010488
6099|10357328
14031|10367745
14032|10402339
12158|3877330
12426|10367750
11937|15125438
13211|1492538
9900|6656491
13374|5050742
13844|7570144
9041|4958827
14033|1450558
13461|9237046
14382|1479529
11954|8524049
14384|1498948
13214|12311049
13215|9549248
13381|1789824
9073|7603095
13382|9229556
14152|7600853
12252|9497492
13383|12822002
77036|15796284
14035|10375971
14386|1844769
13217|1459949
14387|1844567
9106|8987145
13219|1426238
9108|15800123
13376|1557858
13220|1441574
13221|1444782
13845|10332572
9116|9012418
14110|10336181
13377|10325711
14036|10397168
9122|8990169
12259|9549185
12260|9549252
14037|10353692
9129|9118303
13225|1491712
14388|1762330
14038|10388071
12712|9009505
12440|10402295
11419|1638044
9143|8985406
12441|7610252
14389|1818614
9153|7632193
77038|15431486
13432|9556987
3537|12356269
13847|1441579
13385|1487246
14390|1783222
9168|9549265
9706|6659365
9175|9002196
13386|2835452
13681|10335283
9189|1599171
13388|10361831
14143|1449116
14039|9527953
77039|10386640
13232|1446393
13848|1450568
13849|1501635
13850|8604548
9212|9006680
944|10395369
13235|1488553
9707|8992938
13632|9496687
13237|15782149
13238|15782238
14040|9527201
13851|9520324
2833|1459928
11646|14893747
13239|7624567
9693|6654849
9242|9560016
4106|9503619
1642|6660307
12063|6257355
13240|7606071
13241|7617141
14041|9527784
11165|12332662
11072|6009842
13633|9560946
12065|3372563
13435|8985180
13245|1816013
13503|1459970
9271|9010939
13247|1434694
12066|9116551
9280|8986960
9282|9008958
14557|9503496
14129|9504243
14394|1504092
14042|9543267
9297|9726338
13463|7608169
12579|1618210
13464|1429280
13465|9010764
13253|1446866
13254|1425166
13255|1467349
13685|9542543
13467|1475091
12721|4883386
13468|1466620
9321|1499118
10491|12307479
13469|7588162
13598|1430839
14458|15432215
13472|9527799
13473|9496228
13634|9560952
12592|9494316
13600|1466833
13477|7596340
13478|7592599
14395|1478559
14396|1453992
9369|9001134
11178|12327417
8221|16728778
13481|1433926
14154|9500212
13602|1512033
14132|9519584
9384|6380584
14046|9513681
13855|15816577
14353|1481469
13603|1502715
9389|8988847
11179|12327444
13510|1497897
13856|9502912
13604|10367783
13605|9529319
13635|9558521
13636|9560501
14019|9502937
14397|15334003
11986|1616648
14134|9555859
13518|1449847
14047|4266539
13521|1438836
14048|4217814
13524|1427867
13525|1503145
14155|1451272
13527|1472831
10137|6670205
10071|6644403
14050|15781435
14156|1457935
14459|15451405
9434|5537906
14565|7613014
14052|1588667
14398|1466087
9127|8993423
8134|10567785
14158|15812473
14399|9543100
14400|1497904
11834|3322621
14055|1506035
13538|1433521
13539|1426177
13540|1424830
14056|1484230
12750|7606729
13542|1453256
14057|1560091
8464|1630619
1074|11966945
13545|1560422
14566|7611677
12755|1491733
10686|6656744
12756|1502133
12757|9542533
13546|1492394
13547|1495658
12069|6640850
13549|1843294
13861|9498661
13551|1492404
13693|10361434
11264|15443023
11837|1434529
13552|1450366
12763|15442552
9512|10964785
14225|1761870
9514|6638937
14401|1425845
13555|1501229
13556|1578403
13557|1487230
9802|6673454
10725|6257630
13862|1488575
14060|1512752
9202|9008954
14138|9518086
13561|1481670
14160|9544444
13643|1444311
13564|1491872
14061|1525514
13863|9559520
13864|12327891
14145|1446391
14146|1480245
14062|1543657
11240|15435959
14063|1499609
13868|1458632
9551|6677182
14064|1576481
13869|1500157
13870|1460143
13576|1464454
4166|2165928
13871|15788913
13872|1434510
14162|9515951
14567|9499379
13873|1451988
13613|1503134
13696|9519572
13697|9519753
14066|1487919
13646|1484239
13647|8443649
13648|15816644
13649|1440255
13875|1428768
13650|1438852
14067|1502625
14068|1498964
13653|2714887
13654|4226928
10870|12332589
13876|10399590
14069|1431914
14070|1429281
13657|15791856
10698|15127869
14071|1431247
10650|6410842
14072|1430722
9658|6662566
14402|1427898
13661|9497329
13662|15780032
13663|1503658
13664|1428329
13879|1504950
14074|1450354
14163|9514431
14075|1490439
14076|1493794
9575|6646284
14077|1493686
14462|15398905
11430|9517345
13883|1513888
9579|6652691
14164|9504200
14165|9515183
14166|1454178
9583|6664957
14078|1489909
14226|1430702
14227|1793161
13884|1545488
1013|6652045
9590|15125439
13707|8592592
9592|6655489
14167|1429319
9594|6668001
9595|6650357
14228|1819333
9597|6671249
14081|1460137
9599|6673821
13886|1428333
9601|6656240
14082|1504014
9603|6671997
14169|1587762
6716|6671336
13715|10326866
13716|6025298
13887|1578402
9610|1638989
13718|9503535
13719|9524896
14170|7486948
14568|3823487
14404|1447583
11866|15113241
13724|1428263
13891|1511864
14172|1478055
13727|1428259
13728|9537617
9622|8986295
13729|9543929
13731|1447613
10701|6380503
13732|9501591
9628|8985232
13733|9501376
13735|9502066
13736|15823740
13737|9500905
13738|9534537
14085|1444307
1694|10366603
3704|15125279
14599|15780766
13742|9543241
14086|1426176
14087|1454223
14406|1763371
13746|9530823
13747|9503468
14088|1428276
11458|1613886
13896|1469602
13750|10356953
14089|1479498
13897|1437072
14090|1505296
13898|1502728
13755|1525887
13756|1512486
14091|1495689
14230|1451807
13757|1588930
13758|1438331
11392|10526245
13759|10330491
13762|1589506
14231|1436339
13764|1501634
14176|1823832
3405|2727968
14093|1475599
10798|6358845
14094|1426197
13768|1478022
13769|1496842
14177|1465843
14178|1494416
13772|1489773
13902|1491881
14407|1456418
13775|1427423
14095|1454013
13778|1489765
14909|1506085
14600|1426176
13780|1463155
14179|9547936
14096|1477106
13783|1503549
13784|1431798
14232|1504857
13786|1437559
13787|1822423
13788|1812325
13903|1778803
13904|1761771
14097|1454933
13792|9542396
13793|1468117
13794|3848991
13795|1456969
13796|1474334
13797|1475069
13905|1779459
13799|1818613
13800|1495537
13801|1483729
13802|1448393
14180|8998683
13803|1459208
13804|1488402
13805|1425846
13806|1482188
3185|367832
14181|1476540
14099|1505664
14234|1764845
14102|9556417
13811|1437698
14182|1498592
13813|1765249
14183|1485842
13815|1789501
13906|1785954
13907|1785319
14184|1467365
14408|1489243
14186|1588493
14187|1440896
13913|1821719
14189|1490445
13915|1843461
13916|1482927
13917|1503161
13918|1453472
13919|1426218
13920|1424823
13921|1496147
14190|1474913
13923|1473599
13926|6531598
13927|1762481
13928|1820771
13929|1763053
13930|1576852
924|8999164
14193|6645702
14194|6391969
14195|6379964
13934|1817144
14197|6401610
9109|10543996
13937|6582364
13938|6522563
13939|6564257
13941|6545944
14198|12329649
13943|9503686
14199|1441608
14200|1475850
13946|1493052
13947|1435852
13948|1468099
13949|1473628
13950|1493847
13951|1439642
14411|1480216
14412|1487026
13954|1764069
14413|1476557
14204|1454196
13959|1460187
13960|1786238
14207|1456398
12134|3870738
14208|1496114
13965|10324268
13967|10381166
13968|10400709
13969|10369568
14209|1576851
14414|7582887
13964|10344435
13966|10336136
14210|1589349
12229|12487151
11524|9367382
13973|10331307
13974|10353189
14211|1784928
13976|10395990
13977|1429692
13978|10353265
13979|10341361
14235|9556418
14236|12356378
14237|9545132
14238|1790964
14239|1506718
14240|1485640
14241|1452015
14242|1504035
77183|1781162
14417|9543749
14246|9544645
14247|9556960
14248|9515930
14249|7592562
14250|1510805
14251|1450565
14252|9536168
14253|1784929
14254|1475634
77184|15767023
14256|7591947
14257|1432958
14258|9517334
14569|9557526
14261|1440271
14262|6666653
14604|1559356
14422|1444972
14468|1424829
14423|1467348
14424|1442908
14425|1466081
14269|1430824
14270|1429244
14271|1456399
14272|1812732
14274|8528369
14275|8548569
14276|9543274
14605|1427431
14278|9543962
14279|9544652
14280|9545123
14281|9545334
14282|7585947
14283|7580680
14284|7569495
14285|7574943
14286|9528576
14606|1441445
14288|9528673
14289|9529344
14291|8551478
14428|1778508
14293|9530185
14294|9529432
11162|12310961
14295|9542359
14296|9515046
14297|1822098
14298|7572226
14300|8604073
14301|1787668
14302|7605318
14429|1461691
12390|3836440
14304|1459969
14305|1429243
14306|1474168
14611|1458472
14308|1558937
14309|1492410
66001|9546479
14311|1489779
14312|1475649
66002|9545793
14314|10323786
14315|8546273
14316|8552289
14317|8586256
14318|8579880
14319|9543063
14431|10364398
14321|7572879
14322|7623398
66003|9546680
14324|7579282
14326|1493013
14327|15765297
14328|15824979
14329|7606714
14330|10323472
14331|7606053
66004|9547151
66005|9548010
14334|8535768
14335|8522463
14336|15811783
14337|8524842
66006|9547346
14339|15788197
14340|7612386
14341|7577741
66008|8526461
14343|15778499
14433|15767080
14435|1765015
14437|1456388
14438|1452002
66009|8551477
14440|10369284
66010|8555726
66011|8589084
14443|1820772
14584|15796284
14608|1475068
14609|1489898
14910|9502891
77006|9518838
14610|1504487
14911|1819656
14570|15774442
77012|1666183
14613|1577134
14775|9502890
77017|3936101
77018|3935959
14614|1559686
14571|10330518
14615|1511040
14616|1512936
14573|1817156
77028|4155460
14444|15389400
14617|1525231
14446|6676460
14447|15458908
14618|1543984
66012|8585101
66013|8603621
66014|7571538
66015|7578541
66016|7605317
14471|7612381
14472|1824907
14473|1818611
66007|9547805
14619|1589102
14574|15770944
14620|1460680
77047|1498018
14575|1771447
66017|1793502
66018|1844903
77050|1450558
14622|1477325
14623|1485858
14576|9528756
14624|1500192
14577|7609595
14625|1762585
14578|10351789
77056|6380615
77057|6651977
77058|6649158
77059|6380617
14477|7608890
14478|1429806
14479|8542103
77170|9526481
14482|8529182
77060|9117263
14628|1817485
14484|6383512
77065|9526273
77066|6380504
77067|8995521
14585|1504087
14629|1845396
77070|6380489
14485|1845496
77071|1823516
60019|1498946
14487|1453487
77074|1466096
14488|1504892
14489|1489764
14491|1476370
14492|1441430
77077|1435135
14912|10363335
77080|1495083
14655|10327029
14494|1428816
14496|1453979
14631|1465844
77083|1425806
14580|1782839
14632|1483512
14498|1788059
14633|1433353
14581|8522851
77091|1433352
77092|1428379
14634|1448886
14499|1474142
14500|1482391
14501|1451773
14502|8558792
14587|9531575
14635|1424546
14583|7607490
14589|15452486
77101|1788778
77102|1762241
77103|6675106
14778|9533955
77105|6590771
77176|1781471
14503|1429335
14504|1454715
14505|1506722
14506|1502238
14507|1483530
14508|1458660
14509|1451992
14636|1468853
14637|10365495
77113|15788076
77114|15812386
77115|1785631
77116|1472111
14510|15824942
14638|9546549
77187|1845671
14511|1483697
14641|1434509
14513|10333800
14514|10354700
14779|9534542
14646|9116513
77130|10325283
77131|7579930
77132|7560050
77133|15762774
77134|15779960
14515|15813108
14516|15823151
14517|10354390
14520|10394149
77142|8591112
14649|1816752
77144|9500170
14650|1816017
77146|10358852
77147|10324374
66021|7588169
14651|9502110
14522|8599557
77150|9534653
14524|8557481
14525|8542970
14530|9516681
14531|9515921
14532|9517352
14652|10369613
14653|9499498
14528|9515832
14529|9516584
14913|10354731
77162|9495540
77154|1493203
14533|9509821
14535|9508584
14656|15762208
14537|1783531
14538|1454713
14539|9510557
14540|9509318
14657|1491904
14541|7576369
14542|8550796
14543|9526987
14544|8584858
14545|9527244
14547|8534508
66020|8547587
77168|9518864
14659|1505709
14550|9527747
14660|9552337
14554|7582151
14555|7570850
14661|1484945
14662|1823519
77191|9527913
14664|1430317
14665|1450345
14666|7624591
14670|1499093
14667|15388622
14668|7584443
14671|1499116
77194|7573583
14672|6359407
14673|7573637
14674|1457151
14677|9496725
14678|8993740
14680|1818219
14681|8986367
14685|1435882
14686|1818935
14687|1468124
14688|15388950
14689|1503108
14690|1491244
14691|1486347
14692|1452529
14693|1789499
14694|10368140
14695|1428747
77195|9547957
77196|9547848
77197|1499635
14696|1472853
14697|9548526
14914|1497338
14710|9538166
14702|9492350
14705|9491748
14706|1788779
14707|9538884
14708|9495424
14709|9536939
77198|9537658
14711|9493661
14712|9530081
14714|1498018
14715|10396308
14716|1493203
14717|1447754
14718|1435135
14719|7611677
14721|1436492
14722|1469604
14724|1500734
14915|8581342
14726|9538379
14727|9539101
14728|9529449
14729|9530202
14730|9527926
14732|9532335
14733|9532436
14734|9533095
14735|9530093
14736|9529445
14737|1818215
14738|1787665
14739|1482219
14740|1822419
14741|1440251
14742|1846119
77199|9531585
14744|15435216
14746|10358852
14747|9518864
14748|9524926
14749|1511040
14750|1781174
14751|1771447
14752|1559356
14753|15779960
14754|9557526
14755|1426196
14916|9502894
14757|7607490
77200|8542970
77201|9543267
14758|9504239
14760|9526428
14762|9525669
14763|9525520
14764|9524917
14765|9504224
14766|9503625
14767|9503624
14768|9503623
14769|9548537
14771|9549244
14772|9549847
14780|9534693
14781|9535284
14782|9535436
14783|9545260
14784|9502889
14785|9545879
14787|9547272
14788|9547221
25010|9503530
25011|1487703
25012|9496832
25013|1430326
25014|9496186
25015|9543780
25016|1461428
25017|6401624
25018|8531881
25001|1435697
25002|15417273
25003|1503583
25004|1439443
25005|9514294
25006|10402839
25007|8604921
25008|1467591
25009|7598605
14789|10328491
14790|10325453
14791|1505726
14792|10340687
14793|10373013
14794|10327391
14795|10330446
14796|10338098
14797|10333807
14798|10396589
14799|15452063
14800|9532316
14801|9536020
14802|15431463
14803|15811720
999999986|15815962
14804|10334988
14805|10359584
14807|10393550
14808|10389340
14810|15778520
14811|10392600
77202|15398312
77203|10396557
14812|10400658
14814|9521237
14815|10390262
14816|1449103
14817|10341011
14818|10370014
14819|10334116
14820|10400872
14821|10378492
14822|10376354
77204|10330276
77205|10334363
14823|10323981
14824|15777873
14825|15811153
77207|15768954
14827|15782885
14828|15767709
14830|1493037
14831|1468146
14832|1455494
14833|1435744
14834|1502640
77208|1465189
14835|1474128
14836|1449648
14837|1456918
14838|1442735
14839|1436489
77209|1427477
14840|1440937
14841|1429288
77210|1430229
14842|1440937
14843|1459185
14844|1460168
77211|1459392
72112|1483717
14848|1444325
77213|1473598
14849|1497476
77214|1426236
14850|1444780
14851|1435881
14852|1426163
14853|1489274
14855|1469119
14845|1464688
14856|1432944
14857|1454964
14860|1473623
14861|1436304
14862|1442275
14863|1448411
14864|1466111
14865|1459971
14866|1503609
14867|1449811
14868|1466060
14869|1476381
77215|1429282
14870|1433507
14871|1762327
14873|1434086
14874|1448923
14846|1459210
14875|1429236
14876|1441441
14878|1471879
14879|1449660
77216|1447756
77217|1481686
77218|1498992
77219|1466641
77220|1483558
77221|1504047
77222|1474164
77223|1429739
77224|1506415
77225|1471880
14881|1494313
14882|1428297
14883|1457706
14884|1460138
14885|1459393
77226|1491746
77227|1460896
14886|1434048
14887|1447585
14888|1481650
14889|1489102
14890|1468317
14891|1454913
14892|1435847
14893|1494303
14894|1492534
14895|1473616
14896|1466812
14897|1499066
14898|1449083
14899|1429780
14900|1440909
14901|1446911
14902|1494418
14903|1455702
14904|1429202
14905|1427046
14906|1443410
14907|1459439
14584|15796284
14212|9504250
8|12810192
17|1456923
18|9825962
13256|15784420
32|6512516
34|12803892
45|9014106
46|3131404
47|15461970
50|7046376
10374|8997571
66|15433742
71|12826421
81|5547268
95|9529471
13257|9558041
13980|1587576
12595|9494149
110|6361940
114|10375624
115|8413814
120|1497337
10933|12199428
125|12810942
128|12816347
14917|9502888
133|9555365
134|12810826
142|3932788
12383|1503160
154|12809871
157|300025
170|9010414
14213|9546606
191|12818816
10219|6391900
213|7653460
233|12823518
2097|6381645
10405|9496047
260|10220100
261|1448368
265|12817887
280|1475800
286|9536903
288|1625549
303|12819515
13125|1652912
309|12813177
345|12806131
346|12806131
355|6410251
362|12809703
363|1507038
364|12806131
13258|1430306
13981|9559550
2617|4704850
388|7603092
396|3419152
398|12814516
402|12807377
407|12808560
471|1440288
14364|1475603
538|6672142
571|1426553
626|12022767
639|1472616
13127|15387757
864|1444112
2223|1484250
13259|1425465
936|15449848
9603|6671997
12016|15398236
2710|4409239
13816|1506064
1060|7661601
14365|1460164
1085|16117378
14322|7623398
11912|15425516
1202|868195
13982|1432302
13983|1462177
1231|1434555
1257|5546403
14918|9507635
14449|10371822
1271|10534549
1272|6391915
1281|15464353
1288|7597853
1298|842992
1335|5554967
1363|1480932
1416|12311063
1434|2992154
9753|6675416
13580|1465401
13073|6360432
13436|15810360
14558|1474331
13984|9500681
14450|10356564
13128|1504451
1600|6029821
11773|15132192
1670|6012162
1673|9008100
14908|1482894
13985|1490440
13074|15791114
1765|1498576
1789|9558051
99001|6654536
1801|2662200
13262|7587410
10410|1427813
3769|2771651
1931|6666653
1932|2653243
12934|9503542
12298|9116420
14103|10372648
9449|1814202
2046|9503544
13264|1478795
2107|6435106
2121|7601622
2124|15811771
2174|15083529
12084|1640995
13263|1506706
2202|7591878
12384|9503559
11895|15429459
7462|6371071
2279|9003100
2340|8986192
14324|7579282
4793|1493796
13986|1481452
12993|1505649
12951|1466614
2460|7572894
11927|1428383
2534|6524552
13266|1458424
14214|9543758
2582|2994978
2606|3578207
13818|1790228
2609|2995260
2624|9001095
14919|1450538
13987|9494801
14451|10362219
12891|7598615
385|1643233
2792|6257322
2806|6661929
13988|15447387
2844|1491895
12994|15782214
2857|9117258
2862|6653049
12385|8992961
4152|9512991
14585|1504087
2889|6665959
14326|1493013
10890|12327950
2940|15095460
2954|8985895
2983|1824528
14452|9557527
13271|1433535
14327|15765297
3931|1433351
13273|1792439
11843|15390149
13669|10328736
3064|15435952
3071|9737953
3101|5708073
3103|1491086
13134|7602334
14104|1491927
11224|9503594
13081|5602387
3146|6258469
3151|7598617
3154|870021
1192|1501116
12018|3296820
12087|1493803
3188|377395
12996|9494940
3215|9694989
12894|6381624
13082|15788120
3259|6257339
10124|6636751
3266|6258446
13083|15818629
12817|7607446
3319|1489057
3371|15421782
7140|458089
11122|12328444
13489|10401718
3419|15812474
3426|10384510
3534|7851820
13275|1498459
14328|15824979
3548|1805363
3557|9209154
13617|1823830
3564|2334166
13085|15808213
3123|3207236
12085|9503529
12960|1610480
13276|1763502
3619|6264729
10693|15115895
1933|392501
3645|5853306
3661|4266830
3702|12307420
14105|9494763
3705|15112567
14453|6358907
14106|10328756
3778|9187776
14110|10336181
12968|7607446
3804|1506390
3827|9012902
3844|2282455
3850|1635038
3870|15252283
12863|3363273
12498|1558185
14689|1503108
3937|6257336
3943|2261850
13439|3678409
3956|15431157
12113|6391887
3981|3287205
14107|9530937
13139|7600835
13281|1844438
12079|1331196
4014|14715087
11700|1216285
12499|16747319
13992|1843057
11509|1607383
13993|1761757
4151|6234769
7226|9558532
14690|1491244
4176|1576480
4191|6360951
4198|12806131
4231|11105868
4238|11091883
13284|15773015
4274|15817287
5186|9118286
4354|9247529
10291|6391870
10568|12417939
4414|1433973
13142|12332661
4437|11103217
10583|12356231
14691|1486347
4476|6637763
13446|1493176
4524|12031911
14108|10324900
1820|1447582
4600|6653433
4601|7604582
4615|1493025
13286|15454407
12998|1457704
12313|3876650
14368|1815686
14369|1781467
4742|9118299
4762|8089078
13288|15462814
12999|1819331
12791|1433354
4829|7482968
4842|10339693
13000|6358912
2540|6374528
13289|9557517
11079|1502239
14370|1790557
14329|7606714
14109|1434545
14371|1825215
10643|6380579
5085|8985483
13820|6651645
13098|9502910
14215|9527024
13001|15398548
5113|6663450
5115|9726990
14147|1466110
13822|1468366
5154|12327442
12946|12307531
5185|9205392
5188|3391794
13584|9559531
5227|12306355
13618|1473416
14388|1762330
6318|3905787
12902|1456438
5252|6646320
12092|1642854
14454|10403043
13619|1489748
5316|9503545
5331|9739084
13996|9527046
6029|3130186
923|10530091
5372|9206026
5383|12417849
5395|1785630
5401|10135112
5407|1433486
5421|1444327
5433|9505626
5435|9547875
13997|15434165
5507|1253551
5547|9243794
10656|9503555
14692|1452529
13105|15432238
13587|1438315
14217|15768290
5657|9235961
14389|1818614
5715|9228039
14330|10323472
12873|10364476
5748|533561
5752|532628
13998|1471908
5760|518836
5762|537009
12082|15131498
5768|9230298
11900|3402812
11850|15462101
13296|1497451
12830|15397661
13297|1475827
12469|7584402
13308|10343312
5809|9215037
12952|15789624
13394|10353261
13823|10401668
5916|6257277
5917|9224530
12953|1442785
3751|1502631
14114|1482191
13588|9494944
5942|9241193
14115|15815938
13300|1825906
12679|1437742
13151|7608913
6033|6643536
11188|12327907
12956|1483733
6052|3116143
6068|3109258
13006|6668907
13999|9502279
14372|1791293
6098|3109255
13108|15416970
6105|3116155
13109|10346533
13110|15432661
13009|1793897
13111|15430734
6181|3138303
7432|6347233
13396|10329485
12909|7568805
2452|6355692
12801|9006018
14000|9527996
6264|4143225
2545|6257713
12910|6653591
13491|6661843
14331|7606053
6320|15797087
13398|10375981
11854|15454620
14148|1844070
13305|11930043
6369|1437539
13012|15390077
13013|15810410
11855|15122714
12882|10399338
14373|1484426
12507|1448397
12025|3276965
14455|1454228
6441|1494469
13306|8980699
12806|9014008
8167|6257436
13826|15388644
10512|6308580
14116|1434648
13310|15523595
12105|1513691
13311|1428767
13155|7575633
14002|1491223
14374|1817157
7268|3399740
13157|1557433
14140|1496862
10698|15127869
6661|7681939
12185|7495224
11922|6259002
13122|1475118
13400|10366636
14218|1505275
6738|6400895
14118|9554185
6735|4310180
14587|9531575
6755|6586325
6783|6380571
13315|9320571
12479|9548594
12810|9240711
14693|1789499
12107|3427545
11641|9116540
13827|9560035
14456|10396858
11598|1444794
12846|9517450
13404|524417
14219|1432788
6950|753583
6952|624025
14920|1427377
14334|8535768
7069|15459127
12032|9352494
7080|1484234
7087|9543919
12511|1524214
7102|8414022
13159|7592560
12847|9503554
13015|7600120
13405|15436411
14921|1440089
12918|1474351
7121|605026
7130|560047
14119|1457889
7144|605826
7146|660498
13161|15808248
13321|10362971
14120|1447080
14141|1454727
7188|504822
99037|6635197
14375|7585109
14589|15452486
14008|9549182
14376|7597148
13163|15788161
7279|10361391
12921|1496741
2208|12410361
7316|1489239
11440|4287890
11862|9545932
13829|1762764
10486|12307466
12196|1623081
7339|1500096
10296|9008234
7343|528135
7345|9230908
13324|10343384
1694|10366603
7369|2773066
13622|9498184
99002|6648375
7389|9494775
13167|1433946
13830|1486325
13018|9502907
7421|15583095
13017|1501728
7426|6641010
13022|7599348
13409|10379713
12923|3260974
7470|9558015
77229|1440136
14694|10368140
7510|6524805
10437|1644326
7528|1448381
7531|1490552
13169|9503556
7533|2806538
13170|15797786
13831|15775083
13171|10338395
8627|6656949
14695|1428747
5722|9193461
12328|9545264
14561|1480952
13832|6652579
11335|9118262
7613|15799716
14121|1442099
7661|1428337
14335|8522463
10424|12311111
10716|6257721
13027|7594857
12482|1426593
7696|12332560
7698|15846962
9219|1484433
13301|10341683
7721|12356238
7722|10346828
13174|1634981
7777|894814
13330|10369262
14336|15811783
7787|1442110
13833|1491873
14010|1845094
7805|3381831
14011|1451066
13334|10388941
13179|10373407
14012|10386985
13335|10332649
14122|1456935
7842|9014140
12124|3612574
13495|9559535
14013|8549810
99003|6644620
77195|9547957
13835|1481701
14337|8524842
14562|8550539
13338|6380614
8843|4974311
9918|6676693
8033|12311112
13339|10324267
12212|1603599
8044|4234500
13340|10377092
13040|7603052
8098|7628398
13341|10362894
13041|7610227
13591|1489774
13042|15387586
14142|1426968
13043|7601623
13044|1424276
77032|15781435
13045|7593355
13046|7607474
10936|12327953
9489|8989871
13047|7574901
10404|1450346
14124|9504252
8294|3679146
13625|10360713
77176|1781471
14221|1467584
8326|6642835
77033|9503534
13051|15414353
14014|10390339
8431|1436303
13189|3863049
13417|3846904
1499|9001928
12219|1809817
14125|9504255
12403|9515997
13676|15770278
13346|10403727
13592|1460722
14015|10395682
14143|1449116
13057|15790414
12037|3287474
13192|9503558
8469|10315004
6570|9395229
8783|8982030
10446|1501758
13352|6518597
8500|6314543
376|9500735
13058|7570140
13836|10338477
14017|10331600
13354|1451075
9959|6654225
13347|9008269
14150|9529304
13059|15794780
14339|15788197
9540|6656573
13424|9556450
8602|5422102
13355|6671551
13626|9558559
12698|1577494
14021|9502243
13359|1458456
13194|1498503
77196|9547848
99038|6670305
14023|10365132
13065|1817486
13677|9512965
1802|10351759
13361|15781475
14024|10341001
13196|9002508
13629|9559058
13630|9494137
12553|9549820
13678|1427887
13838|15418801
8796|9646037
13839|1493155
13198|9558526
14126|9504240
8831|491264
6039|9225202
14380|7593388
13200|15460956
14025|10362214
13841|10404551
14026|10352148
14027|10330256
8881|9118309
14381|1493685
14028|10324234
9767|1440786
14029|9545327
8897|6644124
9556|9549193
9388|9010488
13842|9503543
13843|1507016
14590|10344040
14127|9504242
12558|9503592
13211|1492538
9792|6677573
14030|9529341
8957|10567175
14031|10367745
14032|10402339
11954|8524049
13214|12311049
9188|1504061
14563|9558050
14340|7612386
13215|9549248
14033|1450558
14152|7600853
6099|10357328
13217|1459949
14382|1479529
8997|12327895
14341|7577741
13219|1426238
11936|3409391
13220|1441574
13221|1444782
14591|10328462
13374|5050742
11937|15125438
13844|7570144
99039|8989751
14035|10375971
13225|1491712
12426|10367750
13845|10332572
9041|4958827
10955|6258493
14036|10397168
13381|1789824
13382|9229556
99005|6642270
77036|15796284
14343|15778499
13383|12822002
13376|1557858
12357|6259045
9073|7603095
13432|9556987
13232|1446393
13461|9237046
13847|1441579
14384|1498948
13848|1450568
14344|15772304
13377|10325711
14345|7568824
9106|8987145
13235|1488553
9108|15800123
14037|10353692
14346|15768352
13237|15782149
12259|9549185
9116|9012418
13238|15782238
13239|7624567
77197|1499635
9122|8990169
12260|9549252
9900|6656491
14038|10388071
9129|9118303
13240|7606071
99040|6642024
13241|7617141
13849|1501635
11308|6359373
77038|15431486
12158|3877330
11072|6009842
9143|8985406
14347|7625144
14390|1783222
9153|7632193
77039|10386640
99007|6661382
3537|12356269
14696|1472853
12440|10402295
11419|1638044
9168|9549265
13632|9496687
9706|6659365
9175|9002196
13385|1487246
13386|2835452
9189|1599171
12441|7610252
13245|1816013
14348|15775041
13681|10335283
11547|1652095
13388|10361831
14349|15762169
14350|15762763
9212|9006680
12712|9009505
13247|1434694
14039|9527953
9707|8992938
13633|9560946
99008|6655081
14040|9527201
13435|8985180
13503|1459970
2833|1459928
11646|14893747
9693|6654849
14129|9504243
9242|9560016
12252|9497492
13253|1446866
13254|1425166
4106|9503619
1642|6660307
13255|1467349
13463|7608169
13464|1429280
13465|9010764
14145|1446391
11165|12332662
13850|8604548
13851|9520324
9271|9010939
99009|6661077
13467|1475091
9280|8986960
9282|9008958
14564|9557474
13468|1466620
14041|9527784
12063|6257355
13469|7588162
9297|9726338
14592|6257744
14697|9548526
13472|9527799
944|10395369
13473|9496228
12579|1618210
13634|9560952
13598|1430839
12065|3372563
13477|7596340
9321|1499118
10491|12307479
13478|7592599
14146|1480245
13685|9542543
13600|1466833
13481|1433926
99010|6657247
12066|9116551
14458|15432215
14909|1506085
14386|1844769
14132|9519584
12721|4883386
14046|9513681
9369|9001134
11834|3322621
11178|12327417
99011|6638500
14387|1844567
12592|9494316
13602|1512033
13510|1497897
9384|6380584
13855|15816577
13856|9502912
14557|9503496
13603|1502715
9389|8988847
11179|12327444
13604|10367783
13635|9558521
13636|9560501
14019|9502937
13518|1449847
99012|6669851
14047|4266539
14134|9555859
14593|15791189
8221|16728778
13521|1438836
14459|15451405
11837|1434529
14048|4217814
11986|1616648
99013|6637610
13524|1427867
13525|1503145
14154|9500212
13527|1472831
99014|6639387
13605|9529319
14155|1451272
99015|6673270
14710|9538166
9434|5537906
14702|9492350
14050|15781435
14594|1424809
14156|1457935
14052|1588667
14462|15398905
10071|6644403
14158|15812473
13538|1433521
13539|1426177
13540|1424830
14055|1506035
13542|1453256
14056|1484230
99016|6665481
13545|1560422
13546|1492394
9127|8993423
99017|6659527
13547|1495658
14057|1560091
99018|6641277
4166|2165928
13549|1843294
10137|6670205
8464|1630619
8134|10567785
13551|1492404
13552|1450366
14225|1761870
13555|1501229
13556|1578403
14565|7613014
99019|6657790
99020|6653443
13557|1487230
9512|10964785
13861|9498661
9514|6638937
12750|7606729
14394|1504092
14395|1478559
9202|9008954
9802|6673454
14138|9518086
13561|1481670
14060|1512752
99021|6657763
1074|11966945
13862|1488575
10725|6257630
12755|1491733
12756|1502133
12069|6640850
12757|9542533
13643|1444311
13564|1491872
14061|1525514
13863|9559520
13693|10361434
13864|12327891
14160|9544444
9551|6677182
12763|15442552
14062|1543657
14063|1499609
14162|9515951
14064|1576481
13868|1458632
99023|6651304
13869|1500157
13870|1460143
99024|6670075
10686|6656744
13576|1464454
13871|15788913
99025|6662479
14396|1453992
99026|5222691
99027|4292096
99028|6643459
99029|6651766
99030|6640168
14163|9514431
13873|1451988
13613|1503134
13696|9519572
99031|6642139
13697|9519753
99032|4014566
99033|16724080
9649|9004066
99034|6556888
99035|8983993
14705|9491748
14066|1487919
99036|6654324
13646|1484239
13647|8443649
9658|6662566
13648|15816644
11240|15435959
13649|1440255
13875|1428768
13650|1438852
14067|1502625
14068|1498964
14353|1481469
13653|2714887
9575|6646284
13654|4226928
13876|10399590
14069|1431914
13657|15791856
9579|6652691
14070|1429281
14071|1431247
14072|1430722
9583|6664957
13661|9497329
13662|15780032
13663|1503658
13879|1504950
13664|1428329
9590|15125439
14706|1788779
9592|6655489
14567|9499379
9594|6668001
9595|6650357
9597|6671249
14164|9504200
9599|6673821
14074|1450354
9601|6656240
14075|1490439
13883|1513888
14595|15768312
13884|1545488
14165|9515183
14166|1454178
14167|1429319
14076|1493794
9610|1638989
14077|1493686
14078|1489909
13707|8592592
10650|6410842
14226|1430702
14169|1587762
14227|1793161
14228|1819333
13886|1428333
14081|1460137
14597|10324099
1013|6652045
9622|8986295
14170|7486948
14082|1504014
6716|6671336
13715|10326866
13716|6025298
9628|8985232
13887|1578402
11430|9517345
13718|9503535
13719|9524896
14397|15334003
14398|1466087
14172|1478055
11866|15113241
13724|1428263
13891|1511864
13727|1428259
13728|9537617
13729|9543929
14707|9538884
13731|1447613
13732|9501591
13733|9501376
14399|9543100
13735|9502066
13736|15823740
13737|9500905
13738|9534537
14085|1444307
14400|1497904
13742|9543241
14086|1426176
14087|1454223
14230|1451807
13746|9530823
13747|9503468
14088|1428276
13896|1469602
13750|10356953
14089|1479498
13897|1437072
14090|1505296
13898|1502728
13755|1525887
13756|1512486
14091|1495689
3704|15125279
14231|1436339
13757|1588930
13758|1438331
13759|10330491
13762|1589506
14176|1823832
13764|1501634
14177|1465843
14093|1475599
14094|1426197
13768|1478022
13769|1496842
14178|1494416
14179|9547936
10701|6380503
13772|1489773
13902|1491881
14401|1425845
13775|1427423
14095|1454013
14708|9495424
13778|1489765
14910|9502891
13780|1463155
14180|8998683
14096|1477106
13783|1503549
11392|10526245
13784|1431798
14232|1504857
13786|1437559
3405|2727968
13787|1822423
10798|6358845
13788|1812325
13903|1778803
10870|12332589
13904|1761771
14097|1454933
13792|9542396
13793|1468117
13794|3848991
13795|1456969
13796|1474334
13797|1475069
13905|1779459
14181|1476540
14099|1505664
14233|1456228
13811|1437698
14234|1764845
13813|1765249
14102|9556417
13815|1789501
13906|1785954
13907|1785319
14709|9536939
14182|1498592
14183|1485842
14184|1467365
14402|1427898
14186|1588493
13913|1821719
14187|1440896
13915|1843461
13916|1482927
13917|1503161
13918|1453472
13919|1426218
13920|1424823
13921|1496147
14568|3823487
13923|1473599
14189|1490445
14190|1474913
3185|367832
13926|6531598
13927|1762481
13928|1820771
13929|1763053
13930|1576852
924|8999164
14191|8527796
14404|1447583
14193|6645702
13934|1817144
14194|6391969
14195|6379964
9109|10543996
13937|6582364
13938|6522563
13939|6564257
13941|6545944
77198|9537658
13943|9503686
14197|6401610
14198|12329649
13946|1493052
13947|1435852
14199|1441608
13948|1468099
13949|1473628
13950|1493847
13951|1439642
14200|1475850
14711|9493661
13954|1764069
14406|1763371
14407|1456418
14204|1454196
13959|1460187
13960|1786238
14207|1456398
12134|3870738
13965|10324268
13967|10381166
13968|10400709
13969|10369568
14208|1496114
14712|9530081
13964|10344435
13966|10336136
14209|1576851
12229|12487151
11524|9367382
13973|10331307
13974|10353189
14210|1589349
13976|10395990
13977|1429692
14408|1489243
13978|10353265
13979|10341361
14211|1784928
14235|9556418
14236|12356378
14237|9545132
14238|1790964
14239|1506718
14240|1485640
14241|1452015
14242|1504035
14352|1425487
14246|9544645
14247|9556960
14248|9515930
14249|7592562
14250|1510805
14251|1450565
14252|9536168
14253|1784929
14254|1475634
14468|1424829
14256|7591947
14257|1432958
14258|9517334
14411|1480216
14412|1487026
11782|15114360
14261|1440271
14262|6666653
14413|1476557
14414|7582887
14354|15417742
14355|15462469
14269|1430824
14270|1429244
14271|1456399
14272|1812732
14274|8528369
14275|8548569
14276|9543274
14417|9543749
14278|9543962
14279|9544652
14280|9545123
14281|9545334
14282|7585947
14283|7580680
14284|7569495
14285|7574943
14286|9528576
14599|15780766
14288|9528673
14289|9529344
14291|8551478
14605|1427431
14293|9530185
14294|9529432
11162|12310961
14295|9542359
14296|9515046
14297|1822098
14298|7572226
14300|8604073
14301|1787668
14302|7605318
14358|15398930
12390|3836440
14304|1459969
14305|1429243
14306|1474168
66001|9546479
14308|1558937
14309|1492410
66002|9545793
14311|1489779
14312|1475649
14429|1461691
14359|7594035
14315|8546273
14316|8552289
14317|8586256
14318|8579880
14319|9543063
14320|7571539
14321|7572879
66003|9546680
66004|9547151
14360|15464790
14361|15783623
66005|9548010
14363|15769612
1544|7599226
101|4226439
13804|1488402
14714|1498018
14600|1426176
14422|1444972
14423|1467348
14424|1442908
14425|1466081
66006|9547346
14428|1778508
66008|8526461
14431|10364398
14433|15767080
14435|1765015
14715|10396308
14437|1456388
14438|1452002
66009|8551477
14440|10369284
66010|8555726
66011|8589084
14443|1820772
14606|1441445
14716|1493203
14717|1447754
77183|1781162
14718|1435135
77006|9518838
77184|15767023
14719|7611677
14570|15774442
14721|1436492
14608|1475068
14722|1469604
14724|1500734
77017|3936101
77018|3935959
14609|1489898
14571|10330518
14610|1504487
14911|1819656
14726|9538379
14573|1817156
14727|9539101
77028|4155460
14444|15389400
14446|6676460
14447|15458908
14611|1458472
66012|8585101
66013|8603621
66014|7571538
66015|7578541
66016|7605317
14471|7612381
14472|1824907
14473|1818611
14728|9529449
66007|9547805
14574|15770944
14613|1577134
14614|1559686
14729|9530202
14730|9527926
66017|1793502
66018|1844903
14732|9532335
14616|1512936
14576|9528756
14617|1525231
14577|7609595
14618|1543984
14578|10351789
77056|6380615
77057|6651977
77058|6649158
77059|6380617
14477|7608890
14478|1429806
14479|8542103
77170|9526481
14619|1589102
14482|8529182
77060|9117263
14733|9532436
14734|9533095
14735|9530093
14620|1460680
14484|6383512
77065|9526273
77066|6380504
77067|8995521
14622|1477325
14623|1485858
77070|6380489
14485|1845496
77071|1823516
60019|1498946
14487|1453487
14624|1500192
77074|1466096
14488|1504892
14489|1489764
14490|1455669
14491|1476370
14492|1441430
14736|9529445
14737|1818215
14738|1787665
77080|1495083
14625|1762585
14494|1428816
14496|1453979
77083|1425806
14739|1482219
14580|1782839
14628|1817485
14740|1822419
14498|1788059
14629|1845396
14581|8522851
77091|1433352
77092|1428379
14741|1440251
14499|1474142
14500|1482391
14501|1451773
14502|8558792
14655|10327029
14631|1465844
14742|1846119
14632|1483512
14633|1433353
14634|1448886
77101|1788778
77102|1762241
77103|6675106
77199|9531585
77105|6590771
14635|1424546
14503|1429335
14504|1454715
14505|1506722
14506|1502238
14507|1483530
14508|1458660
14509|1451992
14636|1468853
14637|10365495
77113|15788076
77114|15812386
77115|1785631
77116|1472111
14510|15824942
14638|9546549
77187|1845671
14744|15435216
14746|10358852
14747|9518864
14511|1483697
14641|1434509
14513|10333800
14514|10354700
14748|9524926
999999980|6655081
999999981|6661382
999999982|6644620
14749|1511040
14750|1781174
77130|10325283
77131|7579930
77132|7560050
14751|1771447
14752|1559356
77135|7569440
14515|15813108
14516|15823151
14517|10354390
14753|15779960
14520|10394149
14754|9557526
14755|1426196
14912|10363335
14757|7607490
77142|8591112
14646|9116513
77144|9500170
77200|8542970
77201|9543267
77147|10324374
14758|9504239
14649|1816752
14650|1816017
14522|8599557
14524|8557481
14760|9526428
14530|9516681
14531|9515921
14532|9517352
66021|7588169
14528|9515832
14529|9516584
14651|9502110
77162|9495540
14762|9525669
14763|9525520
14764|9524917
14765|9504224
14766|9503625
14533|9509821
14534|9508355
14535|9508584
14652|10369613
14537|1783531
14538|1454713
14539|9510557
14540|9509318
14653|9499498
77164|9529267
14913|10354731
14541|7576369
14542|8550796
14543|9526987
14544|8584858
14545|9527244
14767|9503624
14547|8534508
14768|9503623
66020|8547587
14769|9548537
14656|15762208
14550|9527747
14771|9549244
14657|1491904
14554|7582151
14555|7570850
14659|1505709
14660|9552337
14661|1484945
14662|1823519
14772|9549847
77191|9527913
14664|1430317
14665|1450345
14666|7624591
14670|1499093
14667|15388622
14668|7584443
14773|9503622
14671|1499116
77194|7573583
14672|6359407
14673|7573637
14674|1457151
14679|9218071
14677|9496725
14678|8993740
14680|1818219
14681|8986367
14684|9543786
14685|1435882
14686|1818935
14687|1468124
14688|15388950
14914|1497338
14775|9502890
14915|8581342
14778|9533955
14779|9534542
14780|9534693
14781|9535284
14782|9535436
14783|9545260
14784|9502889
14785|9545879
14787|9547272
14788|9547221
25010|9503530
25011|1487703
25012|9496832
25013|1430326
25014|9496186
25015|9543780
25016|1461428
25017|6401624
25018|8531881
25001|1435697
25002|15417273
25003|1503583
25004|1439443
25005|9514294
25006|10402839
25007|8604921
25008|1467591
25009|7598605
14789|10328491
14790|10325453
14791|1505726
14792|10340687
14793|10373013
14794|10327391
14795|10330446
14796|10338098
14797|10333807
14798|10396589
14799|15452063
14800|9532316
14801|9536020
14802|15431463
14803|15811720
999999986|15815962
14804|10334988
14805|10359584
14916|9502894
14807|10393550
14808|10389340
14811|10392600
77202|15398312
77203|10396557
14812|10400658
14314|10323786
14814|9521237
14815|10390262
14816|1449103
14817|10341011
14818|10370014
14819|10334116
14820|10400872
14821|10378492
14822|10376354
77204|10330276
77205|10334363
14823|10323981
14824|15777873
14825|15811153
77207|15768954
14827|15782885
14828|15767709
14830|1493037
14831|1468146
14832|1455494
14833|1435744
14834|1502640
77208|1465189
14835|1474128
14836|1449648
14837|1456918
14838|1442735
14839|1436489
77209|1427477
14840|1440937
14841|1429288
77210|1430229
14842|1440937
14843|1459185
14844|1460168
77211|1459392
72112|1483717
14848|1444325
77213|1473598
14849|1497476
77214|1426236
14850|1444780
14851|1435881
14852|1426163
14853|1489274
14855|1469119
14845|1464688
14856|1432944
14857|1454964
14860|1473623
14861|1436304
14862|1442275
14863|1448411
14864|1466111
14865|1459971
14866|1503609
14867|1449811
14868|1466060
14869|1476381
77215|1429282
14870|1433507
14871|1762327
14873|1434086
14874|1448923
14846|1459210
14875|1429236
14876|1441441
14878|1471879
14879|1449660
77216|1447756
77217|1481686
77218|1498992
77219|1466641
77220|1483558
77221|1504047
77222|1474164
77223|1429739
77224|1506415
77225|1471880
14881|1494313
14882|1428297
14883|1457706
14884|1460138
14885|1459393
77226|1491746
77227|1460896
14886|1434048
14887|1447585
14888|1481650
14889|1489102
14890|1468317
14891|1454913
14892|1435847
14893|1494303
14894|1492534
14895|1473616
14896|1466812
14897|1499066
14898|1449083
14899|1429780
14900|1440909
14901|1446911
14902|1494418
14903|1455702
14904|1429202
14905|1427046
14906|1443410
14907|1459439
14590|10344040
14212|9504250
8|12810192
17|1456923
18|9825962
13256|15784420
32|6512516
34|12803892
45|9014106
46|3131404
47|15461970
50|7046376
10374|8997571
66|15433742
71|12826421
81|5547268
95|9529471
13257|9558041
13980|1587576
12595|9494149
110|6361940
114|10375624
115|8413814
120|1497337
10933|12199428
125|12810942
128|12816347
14917|9502888
133|9555365
134|12810826
142|3932788
12383|1503160
154|12809871
157|300025
170|9010414
14213|9546606
191|12818816
10219|6391900
213|7653460
233|12823518
12384|9503559
10405|9496047
260|10220100
261|1448368
265|12817887
280|1475800
286|9536903
288|1625549
303|12819515
13125|1652912
309|12813177
345|12806131
346|12806131
355|6410251
362|12809703
363|1507038
364|12806131
13258|1430306
13981|9559550
2617|4704850
388|7603092
396|3419152
398|12814516
402|12807377
407|12808560
471|1440288
13816|1506064
538|6672142
571|1426553
626|12022767
639|1472616
12357|6259045
864|1444112
13127|15387757
13259|1425465
936|15449848
13580|1465401
14388|1762330
1060|7661601
13982|1432302
1085|16117378
14344|15772304
12016|15398236
1202|868195
13983|1462177
9753|6675416
1231|1434555
1257|5546403
14918|9507635
14345|7568824
1271|10534549
1272|6391915
1281|15464353
1288|7597853
1298|842992
1335|5554967
1363|1480932
1416|12311063
1434|2992154
13073|6360432
14908|1482894
9189|1599171
13436|15810360
13128|1504451
13984|9500681
14346|15768352
11912|15425516
1600|6029821
11773|15132192
1670|6012162
1673|9008100
13262|7587410
13985|1490440
13074|15791114
1765|1498576
1789|9558051
1802|10351759
1801|2662200
13264|1478795
10410|1427813
12934|9503542
1931|6666653
1932|2653243
14103|10372648
3769|2771651
12298|9116420
9449|1814202
2046|9503544
2097|6381645
2107|6435106
2121|7601622
2124|15811771
2174|15083529
13263|1506706
13986|1481452
2202|7591878
11927|1428383
12951|1466614
7462|6371071
2279|9003100
2340|8986192
12084|1640995
13266|1458424
13987|9494801
4793|1493796
14214|9543758
2460|7572894
14347|7625144
2534|6524552
12891|7598615
13818|1790228
2582|2994978
2606|3578207
13988|15447387
2609|2995260
2624|9001095
14591|10328462
14348|15775041
14449|10371822
385|1643233
2792|6257322
2806|6661929
12385|8992961
2844|1491895
13271|1433535
2857|9117258
2862|6653049
14349|15762169
4152|9512991
13139|7600835
2889|6665959
13669|10328736
10890|12327950
2940|15095460
2954|8985895
2983|1824528
14450|10356564
13081|5602387
13273|1792439
3931|1433351
14350|15762763
12960|1610480
12993|1505649
3064|15435952
3071|9737953
3101|5708073
3103|1491086
11224|9503594
1192|1501116
12894|6381624
10124|6636751
3146|6258469
3151|7598617
3154|870021
13082|15788120
12018|3296820
11843|15390149
3188|377395
12994|15782214
3215|9694989
13083|15818629
11895|15429459
3259|6257339
11122|12328444
3266|6258446
13617|1823830
3319|1489057
3371|15421782
13275|1498459
12079|1331196
13142|12332661
3419|15812474
3426|10384510
3534|7851820
12087|1493803
14389|1818614
3548|1805363
3557|9209154
13085|15808213
3564|2334166
13276|1763502
3123|3207236
12085|9503529
14105|9494763
2540|6374528
3619|6264729
12817|7607446
1933|392501
3645|5853306
3661|4266830
3702|12307420
14390|1783222
3705|15112567
14106|10328756
3778|9187776
14592|6257744
12968|7607446
3804|1506390
3827|9012902
3844|2282455
3850|1635038
3870|15252283
10693|15115895
12498|1558185
13489|10401718
3937|6257336
3943|2261850
3956|15431157
13439|3678409
3981|3287205
12113|6391887
12863|3363273
14107|9530937
7140|458089
4014|14715087
11700|1216285
12499|16747319
13281|1844438
13992|1843057
13993|1761757
4151|6234769
7226|9558532
13820|6651645
4176|1576480
4191|6360951
4198|12806131
4231|11105868
4238|11091883
12996|9494940
4274|15817287
5186|9118286
4354|9247529
14451|10362219
10568|12417939
4414|1433973
13284|15773015
4437|11103217
10583|12356231
4476|6637763
13446|1493176
4524|12031911
12791|1433354
12082|15131498
4600|6653433
4601|7604582
4615|1493025
12313|3876650
14108|10324900
1820|1447582
14354|15417742
4742|9118299
4762|8089078
13286|15454407
12998|1457704
12999|1819331
4829|7482968
4842|10339693
14109|1434545
14147|1466110
14355|15462469
11079|1502239
14452|9557527
13288|15462814
13151|7608913
13289|9557517
10643|6380579
5085|8985483
14357|15432215
14358|15398930
13098|9502910
5113|6663450
5115|9726990
13822|1468366
12946|12307531
5154|12327442
13308|10343312
5185|9205392
5188|3391794
6318|3905787
5227|12306355
13823|10401668
14215|9527024
13000|6358912
14359|7594035
5252|6646320
12092|1642854
13584|9559531
14360|15464790
5316|9503545
5331|9739084
13618|1473416
6029|3130186
923|10530091
5372|9206026
5383|12417849
5395|1785630
5401|10135112
5407|1433486
5421|1444327
5433|9505626
5435|9547875
13996|9527046
5507|1253551
5547|9243794
12902|1456438
14593|15791189
10656|9503555
14361|15783623
13001|15398548
5657|9235961
13155|7575633
5715|9228039
13997|15434165
12873|10364476
5748|533561
5752|532628
12830|15397661
5760|518836
5762|537009
13157|1557433
5768|9230298
13619|1489748
13105|15432238
12952|15789624
13587|1438315
14217|15768290
12679|1437742
5809|9215037
12953|1442785
14594|1424809
12469|7584402
5916|6257277
5917|9224530
14114|1482191
3751|1502631
13159|7592560
13296|1497451
5942|9241193
11850|15462101
2208|12410361
13394|10353261
13108|15416970
6033|6643536
13297|1475827
12956|1483733
6052|3116143
13998|1471908
6068|3109258
12025|3276965
13999|9502279
14363|15769612
6098|3109255
13588|9494944
6105|3116155
13006|6668907
13109|10346533
14115|15815938
2452|6355692
6181|3138303
13110|15432661
14116|1434648
12909|7568805
12910|6653591
11188|12327907
6264|4143225
12801|9006018
13009|1793897
2545|6257713
14000|9527996
6320|15797087
13396|10329485
13111|15430734
13300|1825906
7432|6347233
6369|1437539
13491|6661843
14148|1844070
12882|10399338
11900|3402812
13012|15390077
13398|10375981
1544|7599226
6441|1494469
12507|1448397
11854|15454620
8167|6257436
10512|6308580
13161|15808248
12806|9014008
14002|1491223
13305|11930043
101|4226439
13163|15788161
13013|15810410
11855|15122714
7268|3399740
13306|8980699
14140|1496862
6738|6400895
6661|7681939
13310|15523595
12185|7495224
13311|1428767
11782|15114360
13122|1475118
14364|1475603
13400|10366636
6735|4310180
14218|1505275
6755|6586325
6783|6380571
12105|1513691
10291|6391870
12810|9240711
12107|3427545
14219|1432788
14595|15768312
14118|9554185
12846|9517450
13826|15388644
12847|9503554
11641|9116540
13167|1433946
6950|753583
6952|624025
12479|9548594
13827|9560035
14365|1460164
7069|15459127
11598|1444794
7080|1484234
7087|9543919
7102|8414022
13315|9320571
12511|1524214
14558|1474331
14919|1450538
13015|7600120
12918|1474351
7121|605026
7130|560047
13404|524417
7144|605826
7146|660498
13169|9503556
13405|15436411
12921|1496741
11862|9545932
7188|504822
14597|10324099
2710|4409239
13170|15797786
13171|10338395
14453|6358907
7279|10361391
14141|1454727
12196|1623081
7316|1489239
11440|4287890
14119|1457889
12032|9352494
14454|10403043
14120|1447080
7339|1500096
13321|10362971
7343|528135
7345|9230908
14121|1442099
13018|9502907
7369|2773066
13174|1634981
12923|3260974
7389|9494775
13829|1762764
13017|1501728
13022|7599348
7421|15583095
14455|1454228
7426|6641010
13324|10343384
13622|9498184
14368|1815686
7470|9558015
14920|1427377
10486|12307466
7510|6524805
13830|1486325
7528|1448381
7531|1490552
12328|9545264
7533|2806538
10296|9008234
13409|10379713
14008|9549182
11922|6259002
14456|10396858
8627|6656949
5722|9193461
13831|15775083
13832|6652579
13179|10373407
10424|12311111
14369|1781467
7661|1428337
10716|6257721
11335|9118262
13027|7594857
10437|1644326
14921|1440089
7696|12332560
7698|15846962
7613|15799716
7721|12356238
7722|10346828
11509|1607383
7777|894814
13301|10341683
13330|10369262
7787|1442110
14370|1790557
13833|1491873
9219|1484433
7805|3381831
14010|1845094
77229|1440136
14011|1451066
12482|1426593
14012|10386985
13334|10388941
7842|9014140
14122|1456935
13591|1489774
13335|10332649
13495|9559535
14013|8549810
12212|1603599
13189|3863049
14560|1447754
14014|10390339
14371|1825215
13192|9503558
8033|12311112
13835|1481701
13338|6380614
8044|4234500
9918|6676693
13040|7603052
8098|7628398
13041|7610227
10936|12327953
8843|4974311
13042|15387586
13043|7601623
13044|1424276
13339|10324267
12124|3612574
13045|7593355
9139|8986367
9489|8989871
10404|1450346
13046|7607474
8294|3679146
13047|7574901
13340|10377092
14221|1467584
8326|6642835
14372|1791293
12219|1809817
1499|9001928
8431|1436303
10955|6258493
13625|10360713
14561|1480952
11308|6359373
12403|9515997
13051|15414353
13194|1498503
13341|10362894
13196|9002508
14124|9504252
13417|3846904
14125|9504255
13676|15770278
13346|10403727
8469|10315004
13057|15790414
13198|9558526
10446|1501758
13592|1460722
8500|6314543
14015|10395682
13058|7570140
14142|1426968
13059|15794780
13352|6518597
14017|10331600
13836|10338477
12698|1577494
6570|9395229
14373|1484426
376|9500735
6039|9225202
8602|5422102
13354|1451075
14374|1817157
2223|1484250
13347|9008269
14150|9529304
13424|9556450
13355|6671551
13065|1817486
9959|6654225
13200|15460956
13626|9558559
12037|3287474
8783|8982030
13838|15418801
14021|9502243
13629|9559058
14611|1458472
14023|10365132
13630|9494137
13839|1493155
8796|9646037
14375|7585109
14376|7597148
14024|10341001
8831|491264
13359|1458456
14025|10362214
9556|9549193
13677|9512965
13841|10404551
13361|15781475
12553|9549820
8881|9118309
9388|9010488
14026|10352148
9540|6656573
13678|1427887
8897|6644124
14126|9504240
13211|1492538
13842|9503543
14027|10330256
11954|8524049
13214|12311049
9792|6677573
14028|10324234
8957|10567175
14029|9545327
13215|9549248
14030|9529341
77033|9503534
14031|10367745
13217|1459949
13219|1426238
12558|9503592
13843|1507016
8997|12327895
13220|1441574
13221|1444782
14127|9504242
6099|10357328
14032|10402339
14562|8550539
14380|7593388
13225|1491712
14033|1450558
13844|7570144
13845|10332572
14152|7600853
9188|1504061
9041|4958827
13374|5050742
13432|9556987
13232|1446393
14035|10375971
13847|1441579
13235|1488553
13848|1450568
11936|3409391
12426|10367750
14381|1493685
9073|7603095
11937|15125438
14382|1479529
14036|10397168
13237|15782149
13238|15782238
9767|1440786
9900|6656491
14384|1498948
9106|8987145
13239|7624567
9108|15800123
13461|9237046
13240|7606071
13241|7617141
13381|1789824
9116|9012418
13382|9229556
12158|3877330
77036|15796284
9122|8990169
12252|9497492
11072|6009842
13383|12822002
9129|9118303
14386|1844769
13632|9496687
13376|1557858
13245|1816013
77038|15431486
12712|9009505
12259|9549185
9143|8985406
12260|9549252
9153|7632193
13849|1501635
11419|1638044
3537|12356269
13377|10325711
14037|10353692
14394|1504092
9168|9549265
13247|1434694
9175|9002196
14038|10388071
14387|1844567
14563|9558050
13385|1487246
13386|2835452
14395|1478559
12440|10402295
14143|1449116
13681|10335283
13253|1446866
12441|7610252
9212|9006680
13388|10361831
13254|1425166
13633|9560946
14396|1453992
14039|9527953
14353|1481469
14564|9557474
13850|8604548
13255|1467349
13435|8985180
14040|9527201
9242|9560016
13503|1459970
2833|1459928
11547|1652095
944|10395369
14129|9504243
14397|15334003
13463|7608169
13464|1429280
13851|9520324
1642|6660307
13465|9010764
11646|14893747
9271|9010939
14041|9527784
9693|6654849
9280|8986960
9282|9008958
14557|9503496
12063|6257355
11165|12332662
9297|9726338
4106|9503619
13467|1475091
13468|1466620
13469|7588162
13685|9542543
14042|9543267
13472|9527799
13473|9496228
13634|9560952
12065|3372563
13598|1430839
9321|1499118
12066|9116551
13477|7596340
13478|7592599
77039|10386640
12579|1618210
13600|1466833
13481|1433926
14154|9500212
14398|1466087
14132|9519584
12721|4883386
14046|9513681
9369|9001134
13855|15816577
10491|12307479
14399|9543100
13602|1512033
13510|1497897
13856|9502912
9384|6380584
13603|1502715
13604|10367783
12592|9494316
13635|9558521
9389|8988847
13636|9560501
14019|9502937
13518|1449847
14047|4266539
14134|9555859
13521|1438836
14400|1497904
8221|16728778
14048|4217814
11178|12327417
11179|12327444
13524|1427867
13525|1503145
14155|1451272
13527|1472831
13605|9529319
14145|1446391
11986|1616648
10071|6644403
14050|15781435
9434|5537906
14458|15432215
14156|1457935
14052|1588667
14401|1425845
14158|15812473
13538|1433521
13539|1426177
13540|1424830
14402|1427898
14055|1506035
13542|1453256
14056|1484230
13545|1560422
13546|1492394
13547|1495658
14057|1560091
13549|1843294
10137|6670205
8464|1630619
13551|1492404
13552|1450366
9127|8993423
14459|15451405
14225|1761870
8134|10567785
13555|1501229
13556|1578403
9512|10964785
9514|6638937
13557|1487230
14565|7613014
14566|7611677
14404|1447583
9202|9008954
12750|7606729
14138|9518086
13561|1481670
11834|3322621
13861|9498661
12069|6640850
13643|1444311
13564|1491872
14060|1512752
9551|6677182
10725|6257630
1074|11966945
14061|1525514
13862|1488575
12755|1491733
12756|1502133
13863|9559520
13864|12327891
11837|1434529
9575|6646284
12757|9542533
9706|6659365
14146|1480245
9579|6652691
14160|9544444
14062|1543657
14063|1499609
9583|6664957
9707|8992938
13693|10361434
13868|1458632
9590|15125439
14064|1576481
9592|6655489
12763|15442552
9594|6668001
9595|6650357
9597|6671249
13869|1500157
9599|6673821
13870|1460143
9601|6656240
9603|6671997
13576|1464454
13871|15788913
13873|1451988
9610|1638989
14162|9515951
14567|9499379
13613|1503134
13696|9519572
13697|9519753
13875|1428768
14066|1487919
13646|1484239
9622|8986295
13647|8443649
13648|15816644
11240|15435959
9628|8985232
13649|1440255
13876|10399590
13650|1438852
14067|1502625
14068|1498964
13653|2714887
4166|2165928
13654|4226928
14069|1431914
9649|9004066
10686|6656744
14070|1429281
13657|15791856
14071|1431247
13879|1504950
14072|1430722
9658|6662566
13661|9497329
13662|15780032
14406|1763371
13663|1503658
13664|1428329
14407|1456418
14163|9514431
14074|1450354
14075|1490439
13883|1513888
14568|3823487
13884|1545488
14164|9504200
14165|9515183
14166|1454178
14076|1493794
10870|12332589
14077|1493686
14078|1489909
13707|8592592
14167|1429319
10650|6410842
14226|1430702
14227|1793161
14228|1819333
13886|1428333
14081|1460137
1013|6652045
14082|1504014
14169|1587762
6716|6671336
13715|10326866
9802|6673454
13716|6025298
13887|1578402
13718|9503535
13719|9524896
11430|9517345
14170|7486948
14599|15780766
14408|1489243
11866|15113241
13724|1428263
13891|1511864
14172|1478055
13727|1428259
13728|9537617
13729|9543929
13731|1447613
13732|9501591
13733|9501376
13735|9502066
13736|15823740
13737|9500905
13738|9534537
14085|1444307
14462|15398905
13742|9543241
14352|1425487
14087|1454223
13746|9530823
13747|9503468
14088|1428276
13896|1469602
13750|10356953
14089|1479498
10698|15127869
13897|1437072
14090|1505296
13898|1502728
13755|1525887
13756|1512486
14091|1495689
3704|15125279
10701|6380503
14230|1451807
13757|1588930
1694|10366603
13758|1438331
13759|10330491
13762|1589506
14231|1436339
13764|1501634
14176|1823832
14093|1475599
14094|1426197
13768|1478022
13769|1496842
14177|1465843
14178|1494416
13772|1489773
13902|1491881
14411|1480216
13775|1427423
14095|1454013
13778|1489765
14909|1506085
13780|1463155
11392|10526245
14179|9547936
14096|1477106
13783|1503549
13784|1431798
14232|1504857
3405|2727968
13786|1437559
10798|6358845
13787|1822423
13788|1812325
13903|1778803
13904|1761771
14097|1454933
13792|9542396
13793|1468117
13794|3848991
13795|1456969
13796|1474334
13797|1475069
14180|8998683
14099|1505664
13811|1437698
14234|1764845
13813|1765249
14102|9556417
13815|1789501
13905|1779459
13906|1785954
13907|1785319
14600|1426176
14181|1476540
14182|1498592
14183|1485842
14184|1467365
14412|1487026
13913|1821719
14186|1588493
13915|1843461
13916|1482927
13917|1503161
13918|1453472
13919|1426218
13920|1424823
13921|1496147
14187|1440896
13923|1473599
14413|1476557
14189|1490445
13926|6531598
14414|7582887
14190|1474913
13928|1820771
13929|1763053
13930|1576852
924|8999164
3185|367832
14193|6645702
13934|1817144
14194|6391969
14195|6379964
9109|10543996
13937|6582364
13938|6522563
13939|6564257
13941|6545944
13943|9503686
14197|6401610
14198|12329649
13946|1493052
13947|1435852
14199|1441608
13948|1468099
13949|1473628
13950|1493847
13951|1439642
14200|1475850
13954|1764069
14417|9543749
14204|1454196
13959|1460187
13960|1786238
14207|1456398
12134|3870738
13965|10324268
13967|10381166
13968|10400709
13969|10369568
14208|1496114
13964|10344435
13966|10336136
14209|1576851
12229|12487151
11524|9367382
13973|10331307
13974|10353189
14210|1589349
13976|10395990
13977|1429692
13978|10353265
13979|10341361
14211|1784928
14235|9556418
14236|12356378
14237|9545132
14238|1790964
14239|1506718
14240|1485640
14241|1452015
14242|1504035
77183|1781162
13804|1488402
14569|9557526
14246|9544645
14247|9556960
14248|9515930
14249|7592562
14250|1510805
14251|1450565
14252|9536168
14253|1784929
14254|1475634
77184|15767023
14256|7591947
14257|1432958
14258|9517334
14422|1444972
14423|1467348
14261|1440271
14262|6666653
14424|1442908
14425|1466081
14604|1559356
14605|1427431
14428|1778508
14269|1430824
14270|1429244
14271|1456399
14272|1812732
14429|1461691
14274|8528369
14275|8548569
14276|9543274
14468|1424829
14278|9543962
14279|9544652
14280|9545123
14281|9545334
14282|7585947
14283|7580680
14284|7569495
14285|7574943
14286|9528576
14606|1441445
14288|9528673
14289|9529344
14291|8551478
14431|10364398
14293|9530185
14294|9529432
11162|12310961
14295|9542359
14296|9515046
14297|1822098
14298|7572226
14300|8604073
14301|1787668
14302|7605318
14433|15767080
12390|3836440
14304|1459969
14305|1429243
14306|1474168
14308|1558937
14309|1492410
14311|1489779
14312|1475649
14435|1765015
14315|8546273
14316|8552289
14317|8586256
14318|8579880
14319|9543063
14608|1475068
14321|7572879
14322|7623398
66001|9546479
14324|7579282
14326|1493013
14327|15765297
14328|15824979
14329|7606714
14330|10323472
14331|7606053
14332|7611677
66002|9545793
14334|8535768
14335|8522463
14336|15811783
14337|8524842
66003|9546680
14339|15788197
14340|7612386
14341|7577741
66004|9547151
14343|15778499
14437|1456388
14438|1452002
66005|9548010
14440|10369284
66006|9547346
66008|8526461
14443|1820772
14613|1577134
14584|15796284
14609|1489898
14610|1504487
77006|9518838
14614|1559686
14910|9502891
14570|15774442
77012|1666183
14615|1511040
77017|3936101
77018|3935959
14616|1512936
14571|10330518
14617|1525231
14618|1543984
14573|1817156
77028|4155460
14444|15389400
14619|1589102
14446|6676460
14447|15458908
14620|1460680
66009|8551477
66010|8555726
66011|8589084
66012|8585101
66013|8603621
66014|7571538
66015|7578541
66016|7605317
14471|7612381
14472|1824907
14473|1818611
66007|9547805
14574|15770944
14622|1477325
14623|1485858
77047|1498018
14575|1771447
66017|1793502
66018|1844903
77050|1450558
14624|1500192
14625|1762585
14576|9528756
14577|7609595
14578|10351789
77056|6380615
77057|6651977
77058|6649158
77059|6380617
14477|7608890
14478|1429806
14479|8542103
77170|9526481
14628|1817485
14482|8529182
77060|9117263
14629|1845396
14484|6383512
77065|9526273
77066|6380504
77067|8995521
14585|1504087
14655|10327029
77070|6380489
14485|1845496
77071|1823516
60019|1498946
14487|1453487
77074|1466096
14488|1504892
14489|1489764
14491|1476370
14492|1441430
77077|1435135
77080|1495083
14631|1465844
14632|1483512
14494|1428816
14496|1453979
14633|1433353
77083|1425806
14580|1782839
14634|1448886
14498|1788059
14635|1424546
14581|8522851
77091|1433352
77092|1428379
14636|1468853
14499|1474142
14500|1482391
14501|1451773
14502|8558792
14587|9531575
14637|10365495
14583|7607490
14589|15452486
77101|1788778
77102|1762241
77103|6675106
77105|6590771
77176|1781471
14503|1429335
14504|1454715
14505|1506722
14506|1502238
14507|1483530
14508|1458660
14509|1451992
14638|9546549
77187|1845671
77113|15788076
77114|15812386
77115|1785631
77116|1472111
14510|15824942
14641|1434509
14511|1483697
14513|10333800
14514|10354700
14646|9116513
14649|1816752
77130|10325283
77131|7579930
77132|7560050
77133|15762774
77134|15779960
14515|15813108
14516|15823151
14517|10354390
14650|1816017
14520|10394149
77142|8591112
66021|7588169
77144|9500170
77146|10358852
77147|10324374
14651|9502110
14652|10369613
14653|9499498
14522|8599557
77150|9534653
14524|8557481
14525|8542970
14530|9516681
14531|9515921
14532|9517352
14911|1819656
14656|15762208
14528|9515832
14529|9516584
14657|1491904
77162|9495540
77154|1493203
14533|9509821
14535|9508584
14537|1783531
14538|1454713
14539|9510557
14540|9509318
14659|1505709
14660|9552337
14541|7576369
14542|8550796
14543|9526987
14544|8584858
14545|9527244
14547|8534508
66020|8547587
77168|9518864
14661|1484945
14550|9527747
14662|1823519
14554|7582151
14555|7570850
77191|9527913
14664|1430317
14665|1450345
14666|7624591
14670|1499093
14667|15388622
14668|7584443
14671|1499116
77194|7573583
14672|6359407
14673|7573637
14674|1457151
14677|9496725
14678|8993740
14680|1818219
14681|8986367
14685|1435882
14686|1818935
14687|1468124
14688|15388950
14689|1503108
14690|1491244
14691|1486347
14692|1452529
14693|1789499
14694|10368140
14695|1428747
77195|9547957
77196|9547848
77197|1499635
14696|1472853
14697|9548526
14912|10363335
14710|9538166
14702|9492350
14705|9491748
14706|1788779
14707|9538884
14708|9495424
14709|9536939
77198|9537658
14711|9493661
14712|9530081
14714|1498018
14715|10396308
14716|1493203
14717|1447754
14718|1435135
14719|7611677
14721|1436492
14722|1469604
14724|1500734
14913|10354731
14726|9538379
14727|9539101
14728|9529449
14729|9530202
14730|9527926
14732|9532335
14733|9532436
14734|9533095
14735|9530093
14736|9529445
14737|1818215
14738|1787665
14739|1482219
14740|1822419
14741|1440251
14742|1846119
77199|9531585
14744|15435216
14746|10358852
14747|9518864
14748|9524926
14749|1511040
14750|1781174
14751|1771447
14752|1559356
14753|15779960
14754|9557526
14755|1426196
14914|1497338
14757|7607490
77200|8542970
77201|9543267
14758|9504239
14760|9526428
14762|9525669
14763|9525520
14764|9524917
14765|9504224
14766|9503625
14767|9503624
14768|9503623
14769|9548537
14771|9549244
14772|9549847
14773|9503622
14915|8581342
14775|9502890
14916|9502894
14778|9533955
14779|9534542
14780|9534693
14781|9535284
14782|9535436
14783|9545260
14784|9502889
14785|9545879
14787|9547272
14788|9547221
25010|9503530
25011|1487703
25012|9496832
25013|1430326
25014|9496186
25015|9543780
25016|1461428
25017|6401624
25018|8531881
25001|1435697
25002|15417273
25003|1503583
25004|1439443
25005|9514294
25006|10402839
25007|8604921
25008|1467591
25009|7598605
14789|10328491
14790|10325453
14791|1505726
14792|10340687
14793|10373013
14794|10327391
14795|10330446
14796|10338098
14797|10333807
14798|10396589
14799|15452063
14800|9532316
14801|9536020
14802|15431463
14803|15811720
999999986|15815962
14804|10334988
14805|10359584
14807|10393550
14808|10389340
14810|15778520
14811|10392600
77202|15398312
77203|10396557
14812|10400658
14314|10323786
14814|9521237
14815|10390262
14816|1449103
14817|10341011
14818|10370014
14819|10334116
14820|10400872
14821|10378492
14822|10376354
77204|10330276
77205|10334363
14823|10323981
14824|15777873
14825|15811153
77207|15768954
14827|15782885
14828|15767709
14830|1493037
14831|1468146
14832|1455494
14833|1435744
14834|1502640
77208|1465189
14835|1474128
14836|1449648
14837|1456918
14838|1442735
14839|1436489
77209|1427477
14840|1440937
14841|1429288
77210|1430229
14842|1440937
14843|1459185
14844|1460168
77211|1459392
72112|1483717
14848|1444325
77213|1473598
14849|1497476
77214|1426236
14850|1444780
14851|1435881
14852|1426163
14853|1489274
14855|1469119
14845|1464688
14856|1432944
14857|1454964
14860|1473623
14861|1436304
14862|1442275
14863|1448411
14864|1466111
14865|1459971
14866|1503609
14867|1449811
14868|1466060
14869|1476381
77215|1429282
14870|1433507
14871|1762327
14873|1434086
14874|1448923
14846|1459210
14875|1429236
14876|1441441
14878|1471879
14879|1449660
77216|1447756
77217|1481686
77218|1498992
77219|1466641
77220|1483558
77221|1504047
77222|1474164
77223|1429739
77224|1506415
77225|1471880
14881|1494313
14882|1428297
14883|1457706
14884|1460138
14885|1459393
77226|1491746
77227|1460896
14886|1434048
14887|1447585
14888|1481650
14889|1489102
14890|1468317
14891|1454913
14892|1435847
14893|1494303
14894|1492534
14895|1473616
14896|1466812
14897|1499066
14898|1449083
14899|1429780
14900|1440909
14901|1446911
14902|1494418
14903|1455702
14904|1429202
14905|1427046
14906|1443410
14907|1459439
8|12810192
17|1456923
18|9825962
32|6512516
34|12803892
45|9014106
46|3131404
47|15461970
50|7046376
66|15433742
71|12826421
81|5547268
95|9529471
13980|1587576
110|6361940
114|10375624
115|8413814
120|1497337
125|12810942
128|12816347
14917|9502888
133|9555365
134|12810826
142|3932788
154|12809871
157|300025
170|9010414
191|12818816
213|7653460
233|12823518
260|10220100
261|1448368
265|12817887
280|1475800
286|9536903
288|1625549
303|12819515
309|12813177
345|12806131
346|12806131
355|6410251
362|12809703
363|1507038
364|12806131
376|9500735
385|1643233
388|7603092
396|3419152
398|12814516
402|12807377
407|12808560
471|1440288
538|6672142
571|1426553
626|12022767
639|1472616
864|1444112
923|10530091
924|8999164
936|15449848
944|10395369
1013|6652045
1060|7661601
1074|11966945
1085|16117378
1192|1501116
1202|868195
1231|1434555
1257|5546403
14918|9507635
14322|7623398
1271|10534549
1272|6391915
1281|15464353
1288|7597853
1298|842992
1335|5554967
1363|1480932
1416|12311063
1434|2992154
1499|9001928
13981|9559550
14364|1475603
1600|6029821
1642|6660307
1670|6012162
1673|9008100
1694|10366603
1765|1498576
1789|9558051
1801|2662200
1802|10351759
1820|1447582
1931|6666653
1932|2653243
1933|392501
2046|9503544
2097|6381645
2107|6435106
2121|7601622
2124|15811771
2174|15083529
2202|7591878
2208|12410361
2223|1484250
2279|9003100
2340|8986192
14449|10371822
2452|6355692
2460|7572894
2534|6524552
2540|6374528
2545|6257713
2582|2994978
2606|3578207
2609|2995260
2617|4704850
2624|9001095
14450|10356564
2710|4409239
2792|6257322
2806|6661929
2833|1459928
2844|1491895
2857|9117258
2862|6653049
2889|6665959
2940|15095460
2954|8985895
2983|1824528
14324|7579282
3064|15435952
3071|9737953
3101|5708073
3103|1491086
3123|3207236
3146|6258469
3151|7598617
3154|870021
3185|367832
3188|377395
3215|9694989
3259|6257339
3266|6258446
3319|1489057
3371|15421782
3405|2727968
3419|15812474
3426|10384510
3534|7851820
3537|12356269
3548|1805363
3557|9209154
3564|2334166
3619|6264729
3645|5853306
3661|4266830
3702|12307420
3704|15125279
3705|15112567
3751|1502631
3769|2771651
3778|9187776
3804|1506390
3827|9012902
3844|2282455
3850|1635038
3870|15252283
3931|1433351
3937|6257336
3943|2261850
3956|15431157
3981|3287205
4014|14715087
4106|9503619
4151|6234769
4152|9512991
4166|2165928
4176|1576480
4191|6360951
4198|12806131
4231|11105868
4238|11091883
4274|15817287
4354|9247529
4414|1433973
4437|11103217
4476|6637763
4524|12031911
4600|6653433
4601|7604582
4615|1493025
14365|1460164
4742|9118299
4762|8089078
4793|1493796
4829|7482968
4842|10339693
14451|10362219
5085|8985483
14103|10372648
5113|6663450
5115|9726990
5154|12327442
5185|9205392
5186|9118286
5188|3391794
5227|12306355
5252|6646320
5316|9503545
5331|9739084
5372|9206026
5383|12417849
5395|1785630
5401|10135112
5407|1433486
5421|1444327
5433|9505626
5435|9547875
5507|1253551
5547|9243794
5657|9235961
5715|9228039
5722|9193461
5748|533561
5752|532628
5760|518836
5762|537009
5768|9230298
5809|9215037
5916|6257277
5917|9224530
5942|9241193
6029|3130186
6033|6643536
6039|9225202
6052|3116143
6068|3109258
6098|3109255
6099|10357328
6105|3116155
6181|3138303
6264|4143225
6318|3905787
6320|15797087
6369|1437539
14919|1450538
14326|1493013
6441|1494469
6570|9395229
6661|7681939
6716|6671336
6735|4310180
6755|6586325
6783|6380571
6950|753583
6952|624025
14327|15765297
7069|15459127
7080|1484234
7087|9543919
7102|8414022
7121|605026
7130|560047
7140|458089
7144|605826
7146|660498
7188|504822
7226|9558532
14452|9557527
7268|3399740
7279|10361391
7316|1489239
7339|1500096
7343|528135
7345|9230908
7369|2773066
7389|9494775
7421|15583095
7426|6641010
7432|6347233
7462|6371071
7470|9558015
14920|1427377
7510|6524805
7528|1448381
7531|1490552
7533|2806538
14453|6358907
7661|1428337
7696|12332560
7698|15846962
7721|12356238
7722|10346828
7777|894814
7787|1442110
7805|3381831
7842|9014140
14110|10336181
8033|12311112
8044|4234500
8098|7628398
8134|10567785
8221|16728778
8294|3679146
8326|6642835
8431|1436303
8469|10315004
8500|6314543
13982|1432302
14368|1815686
8602|5422102
8627|6656949
14328|15824979
8783|8982030
8796|9646037
8831|491264
8843|4974311
8881|9118309
8897|6644124
8957|10567175
8997|12327895
9041|4958827
9073|7603095
9106|8987145
9108|15800123
9109|10543996
14921|1440089
9116|9012418
9122|8990169
9127|8993423
9129|9118303
14584|15796284
9143|8985406
9153|7632193
9168|9549265
9175|9002196
9188|1504061
9189|1599171
9202|9008954
9212|9006680
9242|9560016
9271|9010939
9280|8986960
9282|9008958
14558|1474331
9297|9726338
9321|1499118
9369|9001134
9384|6380584
9388|9010488
9389|8988847
9434|5537906
9449|1814202
9489|8989871
9512|10964785
9514|6638937
9540|6656573
9551|6677182
9556|9549193
9575|6646284
9579|6652691
9583|6664957
9590|15125439
9592|6655489
9594|6668001
9595|6650357
9597|6671249
9599|6673821
9601|6656240
9603|6671997
9610|1638989
9622|8986295
9628|8985232
9649|9004066
9658|6662566
77229|1440136
9693|6654849
9706|6659365
9707|8992938
9753|6675416
9767|1440786
9792|6677573
9802|6673454
9900|6656491
9918|6676693
14454|10403043
10071|6644403
14455|1454228
10124|6636751
10137|6670205
10219|6391900
10291|6391870
10296|9008234
14456|10396858
14388|1762330
10374|8997571
14585|1504087
10404|1450346
10405|9496047
10410|1427813
10424|12311111
10437|1644326
10446|1501758
10486|12307466
10491|12307479
10568|12417939
10583|12356231
10643|6380579
10650|6410842
10656|9503555
10686|6656744
14369|1781467
10693|15115895
10698|15127869
10701|6380503
10716|6257721
10725|6257630
10798|6358845
10870|12332589
10890|12327950
10933|12199428
10936|12327953
10955|6258493
14212|9504250
11072|6009842
11079|1502239
11122|12328444
11165|12332662
11178|12327417
11179|12327444
11188|12327907
11224|9503594
11240|15435959
14689|1503108
11308|6359373
11392|10526245
11419|1638044
11430|9517345
11440|4287890
14587|9531575
11509|1607383
11547|1652095
11598|1444794
11646|14893747
13983|1462177
11700|1216285
11773|15132192
11782|15114360
11834|3322621
11837|1434529
11843|15390149
11850|15462101
11854|15454620
11855|15122714
11862|9545932
11866|15113241
14370|1790557
11895|15429459
11900|3402812
11912|15425516
11922|6259002
14560|1447754
11927|1428383
11936|3409391
11937|15125438
14140|1496862
11954|8524049
11986|1616648
12016|15398236
12018|3296820
12025|3276965
12032|9352494
12037|3287474
12063|6257355
12065|3372563
12066|9116551
12079|1331196
12082|15131498
12084|1640995
12085|9503529
12087|1493803
12105|1513691
12107|3427545
12124|3612574
12158|3877330
12185|7495224
12196|1623081
12212|1603599
12219|1809817
14105|9494763
12259|9549185
12260|9549252
12298|9116420
12313|3876650
12328|9545264
14213|9546606
14371|1825215
12383|1503160
12384|9503559
12385|8992961
12403|9515997
14561|1480952
12426|10367750
12440|10402295
12469|7584402
12479|9548594
14214|9543758
12498|1558185
12499|16747319
12507|1448397
12511|1524214
12553|9549820
12558|9503592
12579|1618210
12592|9494316
12595|9494149
14141|1454727
14589|15452486
12679|1437742
12698|1577494
12712|9009505
12721|4883386
12750|7606729
12755|1491733
12756|1502133
12757|9542533
12763|15442552
12791|1433354
12801|9006018
12806|9014008
12810|9240711
12830|15397661
12846|9517450
12847|9503554
12863|3363273
14106|10328756
12873|10364476
12882|10399338
12894|6381624
12902|1456438
12909|7568805
12910|6653591
12918|1474351
12921|1496741
12923|3260974
13984|9500681
12934|9503542
12946|12307531
12951|1466614
12952|15789624
12953|1442785
12956|1483733
12960|1610480
14329|7606714
12968|7607446
14562|8550539
12993|1505649
12994|1786618
12996|9494940
14690|1491244
12998|1457704
12999|1819331
13000|6358912
13001|15398548
13006|6668907
13009|1793897
13012|15390077
13013|15810410
13017|1501728
13018|9502907
13022|7599348
13027|7594857
13040|7603052
13041|7610227
13042|15387586
13043|7601623
13044|1424276
13045|7593355
13046|7607474
13047|7574901
14215|9527024
77032|15781435
13051|15414353
13057|15790414
13058|7570140
13059|15794780
14330|10323472
13065|1817486
14389|1818614
13073|6360432
13074|15791114
13081|5602387
13082|15788120
13083|15818629
13085|15808213
14107|9530937
14390|1783222
14372|1791293
14108|10324900
13098|9502910
13105|15432238
14109|1434545
13108|15416970
13109|10346533
13110|15432661
13111|15430734
13122|1475118
13125|1652912
14373|1484426
13127|15387757
13128|1504451
13134|7602334
13139|7600835
13142|12332661
77033|9503534
13151|7608913
14374|1817157
13155|7575633
13157|1557433
13159|7592560
13161|15808248
13985|1490440
13163|15788161
13167|1433946
13169|9503556
13170|15797786
13171|10338395
13174|1634981
14331|7606053
13179|10373407
13186|15773015
13189|3863049
13192|9503558
13194|1498503
13196|9002508
13198|9558526
13200|15460956
13211|1492538
13214|12311049
13215|9549248
13220|1441574
13221|1444782
13235|1488553
13237|15782149
13238|15782238
13239|7624567
13240|7606071
13241|7617141
13245|1816013
13247|1434694
13253|1446866
13254|1425166
13255|1467349
13256|15784420
13257|9558041
13258|1430306
13259|1425465
13262|7587410
13263|1506706
13264|1478795
13266|1458424
14375|7585109
13271|1433535
13273|1792439
13275|1498459
13276|1763502
13281|1844438
13284|15773015
13286|15454407
14376|7597148
13288|15462814
13289|9557517
14334|8535768
14217|15768290
77036|15796284
13296|1497451
13297|1475827
13300|1825906
13301|10341683
13305|11930043
13306|8980699
13308|10343312
14218|1505275
13310|15523595
13311|1428767
14219|1432788
13315|9320571
14563|9558050
13321|10362971
13324|10343384
13330|10369262
13334|10388941
13335|10332649
77176|1781471
13338|6380614
13339|10324267
13340|10377092
13341|10362894
14114|1482191
13346|10403727
13347|9008269
13352|6518597
13354|1451075
13355|6671551
13359|1458456
13361|15781475
14590|10344040
13986|1481452
13374|5050742
13376|1557858
13377|10325711
13381|1789824
13382|9229556
13383|12822002
13385|1487246
13386|2835452
13388|10361831
14908|1482894
14115|15815938
14116|1434648
13394|10353261
13396|10329485
13398|10375981
13987|9494801
13400|10366636
14380|7593388
14591|10328462
13404|524417
13405|15436411
13409|10379713
14564|9557474
13417|3846904
14118|9554185
14119|1457889
14147|1466110
13424|9556450
13432|9556987
14142|1426968
13435|8985180
13436|15810360
14691|1486347
13439|3678409
13446|1493176
14120|1447080
14121|1442099
14122|1456935
13461|9237046
13463|7608169
13464|1429280
13465|9010764
13467|1475091
13468|1466620
13469|7588162
13472|9527799
13473|9496228
13477|7596340
13478|7592599
13988|15447387
13481|1433926
14148|1844070
14335|8522463
13489|10401718
13491|6661843
13495|9559535
14143|1449116
13503|1459970
14124|9504252
13510|1497897
13518|1449847
13521|1438836
13524|1427867
13525|1503145
13527|1472831
77038|15431486
13538|1433521
13539|1426177
13540|1424830
13542|1453256
13545|1560422
13546|1492394
13547|1495658
13549|1843294
13551|1492404
13552|1450366
14125|9504255
14126|9504240
13555|1501229
13556|1578403
13557|1487230
14127|9504242
13561|1481670
14381|1493685
13564|1491872
14382|1479529
13576|1464454
14129|9504243
13580|1465401
13584|9559531
13587|1438315
13588|9494944
13591|1489774
13592|1460722
13598|1430839
13600|1466833
14592|6257744
13602|1512033
13603|1502715
13604|10367783
13605|9529319
13613|1503134
13617|1823830
13618|1473416
13619|1489748
13622|9498184
13625|10360713
13626|9558559
13629|9559058
13630|9494137
13632|9496687
13633|9560946
13634|9560952
13635|9558521
13636|9560501
14692|1452529
14150|9529304
13643|1444311
77039|10386640
13646|1484239
13647|8443649
13648|15816644
13649|1440255
13650|1438852
13653|2714887
13654|4226928
13657|15791856
13661|9497329
13662|15780032
13663|1503658
13664|1428329
13669|10328736
14132|9519584
13676|15770278
13677|9512965
13678|1427887
14336|15811783
14134|9555859
13681|10335283
13685|9542543
14221|1467584
14384|1498948
13693|10361434
13696|9519572
13697|9519753
14138|9518086
14145|1446391
12252|9497492
14146|1480245
13707|8592592
14152|7600853
14458|15432215
14154|9500212
14459|15451405
14155|1451272
13715|10326866
13716|6025298
13718|9503535
13719|9524896
14386|1844769
13724|1428263
13727|1428259
13728|9537617
13729|9543929
14693|1789499
13731|1447613
13732|9501591
13733|9501376
13735|9502066
13736|15823740
13737|9500905
13738|9534537
13742|9543241
14156|1457935
13746|9530823
13747|9503468
13750|10356953
13755|1429778
13756|1512486
13757|1588930
13758|1438331
13759|10330491
13762|1589506
14557|9503496
13764|1501634
14158|15812473
13768|1478022
13769|1496842
14387|1844567
13772|1489773
13775|1427423
14694|10368140
13778|1489765
14909|1506085
13780|1463155
12069|6640850
13783|1503549
13784|1431798
14225|1761870
13786|1437559
13787|1822423
13788|1812325
12113|6391887
13792|9542396
13793|1468117
13794|3848991
13795|1456969
13796|1474334
13797|1475069
13799|1818613
13800|1495537
13801|1483729
13802|1448393
13803|1459208
13804|1488402
13805|1425846
13806|1482188
13992|1843057
13811|1437698
13813|1765249
13815|1789501
13816|1506064
14160|9544444
13818|1790228
13820|6651645
14695|1428747
13822|1468366
13823|10401668
14593|15791189
14162|9515951
13826|15388644
13827|9560035
13829|1762764
13830|1486325
13831|15775083
13832|6652579
13833|1491873
13835|1481701
13836|10338477
13838|15418801
13839|1493155
14163|9514431
13841|10404551
13842|9503543
13843|1507016
13844|7570144
13845|10332572
13847|1441579
13848|1450568
13849|1501635
13850|8604548
13851|9520324
13855|15816577
13856|9502912
14594|1424809
13861|9498661
13862|1488575
13863|9559520
13864|12327891
14164|9504200
14165|9515183
13868|1458632
13869|1500157
13870|1460143
13871|15788913
14462|15398905
13873|1451988
13993|1761757
13875|1428768
13876|10399590
13879|1504950
77195|9547957
14166|1454178
13883|1513888
13884|1545488
13886|1428333
13887|1578402
14167|1429319
14226|1430702
13891|1511864
14169|1587762
13896|1469602
13897|1437072
13898|1502728
14170|7486948
13902|1491881
13903|1778803
13904|1761771
13905|1779459
13906|1785954
13907|1785319
14394|1504092
14172|1478055
13913|1821719
13996|9527046
13915|1843461
13916|1482927
13917|1503161
13918|1453472
13919|1426218
13920|1424823
13921|1496147
13997|15434165
13923|1473599
13926|6531598
13927|1762481
13928|1820771
13929|1763053
13930|1576852
13934|1817144
13937|6582364
13938|6522563
13939|6564257
13941|6545944
14227|1793161
13943|9503686
14395|1478559
13946|1493052
13947|1435852
13948|1468099
13949|1473628
13950|1493847
13998|1471908
13954|1764069
14228|1819333
13999|9502279
14176|1823832
14000|9527996
13959|1460187
13960|1786238
8167|6257436
10512|6308580
14177|1465843
13965|10324268
13967|10381166
13968|10400709
13969|10369568
14178|1494416
14396|1453992
13964|10344435
13966|10336136
14002|1491223
12229|12487151
11524|9367382
13973|10331307
13974|10353189
6738|6400895
13976|10395990
13977|1429692
14353|1481469
13978|10353265
13979|10341361
14179|9547936
14180|8998683
14008|9549182
11335|9118262
7613|15799716
9219|1484433
14010|1845094
14011|1451066
14012|10386985
14013|8549810
14014|10390339
14015|10395682
14181|1476540
14017|10331600
9959|6654225
14021|9502243
14604|1559356
14023|10365132
14024|10341001
14025|10362214
14026|10352148
14027|10330256
14028|10324234
14029|9545327
14030|9529341
14031|10367745
14032|10402339
14033|1450558
14182|1498592
14035|10375971
14036|10397168
14037|10353692
14038|10388071
14039|9527953
14040|9527201
14041|9527784
77196|9547848
14183|1485842
77197|1499635
14696|1472853
14046|9513681
14565|7613014
14019|9502937
14047|4266539
14048|4217814
14184|1467365
14050|15781435
14595|15768312
14052|1588667
14397|15334003
14186|1588493
14055|1506035
14056|1484230
14057|1560091
8464|1630619
14566|7611677
14187|1440896
14060|1512752
14061|1525514
14062|1543657
14063|1499609
14064|1576481
14567|9499379
14066|1487919
14067|1502625
14068|1498964
14069|1431914
14070|1429281
14071|1431247
14072|1430722
14398|1466087
14074|1450354
14075|1490439
14076|1493794
14077|1493686
14078|1489909
14230|1451807
14231|1436339
14081|1460137
14082|1504014
14399|9543100
14085|1444307
14086|1426176
14087|1454223
14088|1428276
14089|1479498
14090|1505296
14091|1495689
14232|1504857
14093|1475599
14094|1426197
14095|1454013
14096|1477106
14097|1454933
14189|1490445
14099|1505664
14234|1764845
14102|9556417
14190|1474913
14400|1497904
14193|6645702
14194|6391969
14195|6379964
14697|9548526
14197|6401610
14198|12329649
14199|1441608
14200|1475850
14401|1425845
14402|1427898
14568|3823487
14204|1454196
14207|1456398
12134|3870738
14208|1496114
14209|1576851
14210|1589349
14211|1784928
14235|9556418
14236|12356378
14237|9545132
14238|1790964
14239|1506718
14240|1485640
14241|1452015
14242|1504035
14597|10324099
14404|1447583
14246|9544645
14247|9556960
14248|9515930
14249|7592562
14250|1510805
14251|1450565
14252|9536168
14253|1784929
14254|1475634
14406|1763371
14256|7591947
14257|1432958
14258|9517334
14407|1456418
14261|1440271
14262|6666653
14408|1489243
14352|1425487
14337|8524842
14269|1430824
14270|1429244
14271|1456399
14272|1812732
14468|1424829
14274|8528369
14275|8548569
14276|9543274
14411|1480216
14278|9543962
14279|9544652
14280|9545123
14281|9545334
14282|7585947
14283|7580680
14284|7569495
14285|7574943
14286|9528576
14288|9528673
14289|9529344
14291|8551478
14412|1487026
14293|9530185
14294|9529432
11162|12310961
14295|9542359
14296|9515046
14297|1822098
14298|7572226
14300|8604073
14301|1787668
14302|7605318
14358|15398930
12390|3836440
14304|1459969
14305|1429243
14306|1474168
14308|1558937
14309|1492410
14605|1427431
14311|1489779
14312|1475649
14429|1461691
14359|7594035
14315|8546273
14316|8552289
14317|8586256
14318|8579880
14319|9543063
14320|7571539
14321|7572879
14339|15788197
14340|7612386
14341|7577741
66001|9546479
14343|15778499
12357|6259045
14344|15772304
14345|7568824
14346|15768352
14347|7625144
14348|15775041
14349|15762169
14350|15762763
14413|1476557
14414|7582887
14354|15417742
14355|15462469
66002|9545793
66003|9546680
14360|15464790
14361|15783623
66004|9547151
14363|15769612
1544|7599226
101|4226439
14599|15780766
14417|9543749
66005|9548010
14569|9557526
14600|1426176
14422|1444972
14423|1467348
14424|1442908
14425|1466081
66006|9547346
14428|1778508
66008|8526461
14431|10364398
14433|15767080
14435|1765015
14437|1456388
14438|1452002
66009|8551477
14440|10369284
66010|8555726
66011|8589084
14443|1820772
14606|1441445
77183|1781162
77006|9518838
77184|15767023
14910|9502891
14570|15774442
77012|1666183
14608|1475068
77017|3936101
77018|3935959
14609|1489898
14571|10330518
14610|1504487
14573|1817156
77028|4155460
14444|15389400
14446|6676460
14447|15458908
14611|1458472
66012|8585101
66013|8603621
66014|7571538
66015|7578541
66016|7605317
14471|7612381
14472|1824907
14473|1818611
66007|9547805
14574|15770944
14613|1577134
14614|1559686
77047|1498018
14575|1771447
66017|1793502
66018|1844903
77050|1450558
14615|1511040
14616|1512936
14576|9528756
14617|1525231
14577|7609595
14618|1543984
14578|10351789
77056|6380615
77057|6651977
77058|6649158
77059|6380617
14477|7608890
14478|1429806
14479|8542103
77170|9526481
14619|1589102
14482|8529182
77060|9117263
14620|1460680
14484|6383512
77065|9526273
77066|6380504
77067|8995521
14622|1477325
14623|1485858
77070|6380489
14485|1845496
77071|1823516
60019|1498946
14487|1453487
14624|1500192
77074|1466096
14488|1504892
14489|1489764
14491|1476370
14492|1441430
77077|1435135
77080|1495083
14625|1762585
14494|1428816
14496|1453979
77083|1425806
14580|1782839
14628|1817485
14498|1788059
14629|1845396
14581|8522851
77091|1433352
77092|1428379
14499|1474142
14500|1482391
14501|1451773
14502|8558792
14655|10327029
14631|1465844
14583|7607490
14632|1483512
14633|1433353
14634|1448886
77101|1788778
77102|1762241
77103|6675106
77105|6590771
14635|1424546
14503|1429335
14504|1454715
14505|1506722
14506|1502238
14507|1483530
14508|1458660
14509|1451992
14636|1468853
14637|10365495
77113|15788076
77114|15812386
77115|1785631
77116|1472111
14510|15824942
14638|9546549
77187|1845671
14511|1483697
14641|1434509
14513|10333800
14514|10354700
999999980|6655081
999999981|6661382
999999982|6644620
77130|10325283
77131|7579930
77132|7560050
77133|15762774
77134|15779960
14515|15813108
14516|15823151
14517|10354390
14520|10394149
77142|8591112
14646|9116513
77144|9500170
77146|10358852
77147|10324374
14649|1816752
14650|1816017
14522|8599557
77150|9534653
14524|8557481
14525|8542970
14530|9516681
14531|9515921
14532|9517352
66021|7588169
14528|9515832
14529|9516584
14651|9502110
77162|9495540
77154|1493203
14533|9509821
14535|9508584
14652|10369613
14537|1783531
14538|1454713
14539|9510557
14540|9509318
14653|9499498
14911|1819656
14541|7576369
14542|8550796
14543|9526987
14544|8584858
14545|9527244
14547|8534508
66020|8547587
77168|9518864
14656|15762208
14550|9527747
14657|1491904
14554|7582151
14555|7570850
14659|1505709
14660|9552337
14661|1484945
14662|1823519
77191|9527913
14664|1430317
14665|1450345
14666|7624591
14670|1499093
14667|15388622
14668|7584443
14671|1499116
77194|7573583
14672|6359407
14673|7573637
14674|1457151
14677|9496725
14678|8993740
14680|1818219
14681|8986367
14685|1435882
14686|1818935
14687|1468124
14688|15388950
14912|10363335
14710|9538166
14702|9492350
14705|9491748
14706|1788779
14707|9538884
14708|9495424
14709|9536939
77198|9537658
14714|1498018
14715|10396308
14716|1493203
14717|1447754
14718|1435135
14719|7611677
14721|1436492
14722|1469604
14724|1500734
14913|10354731
14726|9538379
14727|9539101
14728|9529449
14729|9530202
14730|9527926
14732|9532335
14733|9532436
14734|9533095
14735|9530093
14736|9529445
14737|1818215
14738|1787665
14739|1482219
14740|1822419
14741|1440251
14742|1846119
77199|9531585
14744|15435216
14746|10358852
14747|9518864
14748|9524926
14749|1511040
14750|1781174
14751|1771447
14752|1559356
14753|15779960
14754|9557526
14755|1426196
14914|1497338
14757|7607490
77200|8542970
77201|9543267
14758|9504239
14760|9526428
14762|9525669
14763|9525520
14764|9524917
14765|9504224
14766|9503625
14767|9503624
14768|9503623
14769|9548537
14771|9549244
14772|9549847
14773|9503622
14915|8581342
14775|9502890
14916|9502894
14778|9533955
14779|9534542
14780|9534693
14781|9535284
14782|9535436
14783|9545260
14784|9502889
14785|9545879
14787|9547272
14788|9547221
25010|9503530
25011|1487703
25012|9496832
25013|1430326
25014|9496186
25015|9543780
25016|1461428
25017|6401624
25018|8531881
25001|1435697
25002|15417273
25003|1503583
25004|1439443
25005|9514294
25006|10402839
25007|8604921
25008|1467591
25009|7598605
14789|10328491
14790|10325453
14791|1505726
14792|10340687
14793|10373013
14794|10327391
14795|10330446
14796|10338098
14797|10333807
14798|10396589
14799|15452063
14800|9532316
14801|9536020
14802|15431463
14803|15811720
999999986|15815962
14804|10334988
14805|10359584
14807|10393550
14808|10389340
14810|15778520
14811|10392600
77202|15398312
77203|10396557
14812|10400658
14314|10323786
14814|9521237
14815|10390262
14816|1449103
14817|10341011
14818|10370014
14819|10334116
14820|10400872
14821|10378492
14822|10376354
77204|10330276
77205|10334363
14823|10323981
14824|15777873
14825|15811153
77207|15768954
14827|15782885
14828|15767709
14830|1493037
14831|1468146
14832|1455494
14833|1435744
14834|1502640
77208|1465189
14835|1474128
14836|1449648
14837|1456918
14838|1442735
14839|1436489
77209|1427477
14840|1440937
14841|1429288
77210|1430229
14842|1440937
14843|1459185
14844|1460168
77211|1459392
72112|1483717
14848|1444325
77213|1473598
14849|1497476
77214|1426236
14850|1444780
14851|1435881
14852|1426163
14853|1489274
14855|1469119
14845|1464688
14856|1432944
14857|1454964
14860|1473623
14861|1436304
14862|1442275
14863|1448411
14864|1466111
14865|1459971
14866|1503609
14867|1449811
14868|1466060
14869|1476381
77215|1429282
14870|1433507
14871|1762327
14873|1434086
14874|1448923
14846|1459210
14875|1429236
14876|1441441
14878|1471879
14879|1449660
77216|1447756
77217|1481686
77218|1498992
77219|1466641
77220|1483558
77221|1504047
77222|1474164
77223|1429739
77224|1506415
77225|1471880
14881|1494313
14882|1428297
14883|1457706
14884|1460138
14885|1459393
77226|1491746
77227|1460896
14886|1434048
14887|1447585
14888|1481650
14889|1489102
14890|1468317
14891|1454913
14892|1435847
14893|1494303
14894|1492534
14895|1473616
14896|1466812
14897|1499066
14898|1449083
14899|1429780
14900|1440909
14901|1446911
14902|1494418
14903|1455702
14904|1429202
14905|1427046
14906|1443410
14907|1459439
